timestamp,open,high,low,close,volume
2024-07-05,432.4100,435.9500,429.2000,435.7200,1499382
2024-07-03,429.6200,433.6700,429.4950,432.9400,865090
2024-07-02,428.0000,430.5000,424.6300,430.0900,1886562
2024-07-01,439.1500,440.7800,425.4001,428.9400,2462891
2024-06-28,440.1200,442.2550,438.1200,438.8100,2470164
2024-06-27,440.6700,441.5300,437.5500,440.2200,1236489
2024-06-26,439.7800,440.6700,436.3500,438.4200,1634386
2024-06-25,443.9800,445.0700,440.3300,441.1700,1522986
2024-06-24,444.7400,446.4800,442.1400,443.1400,1441134
2024-06-21,443.4000,443.9800,440.0000,442.7500,4046155
2024-06-20,439.0800,445.2200,438.4800,442.6300,1626052
2024-06-18,439.6100,440.7500,435.2300,440.0200,1384539
2024-06-17,436.3600,443.2800,435.0050,440.6300,1939053
2024-06-14,437.4300,438.1600,434.1100,436.9500,1396066
2024-06-13,431.0000,440.8500,430.3700,439.8000,1650040
2024-06-12,437.6000,440.5200,433.9100,434.1700,1914845
2024-06-11,427.8400,435.7800,426.6000,435.4800,1582360
2024-06-10,432.7300,434.1000,431.2000,432.0000,1407995
2024-06-07,434.0100,438.1900,431.5900,433.7000,1491952
2024-06-06,436.0200,436.0200,431.9600,433.8500,1282667
2024-06-05,431.7400,435.5600,429.3300,435.0800,2116826
2024-06-04,431.3100,434.1000,428.6300,431.1400,2157420
2024-06-03,434.1400,436.5800,430.0600,434.3300,1808999
2024-05-31,430.1100,435.9900,427.5290,435.5200,3621578
2024-05-30,425.8500,430.5300,425.2500,430.1100,1375916
2024-05-29,425.5800,428.3600,423.8500,426.1800,1465871
2024-05-28,430.9900,433.3100,427.1400,429.9200,1696558
2024-05-24,433.2800,437.5150,432.9700,435.5700,1157621
2024-05-23,435.9400,436.9584,431.6800,432.3000,1674851
2024-05-22,435.1900,436.7914,432.3000,434.7900,1655022
2024-05-21,431.4800,437.1700,431.4800,435.0400,1228279
2024-05-20,432.7300,432.9834,431.0300,432.6100,1499200
2024-05-17,430.3100,433.4700,429.7950,432.5200,1150669
2024-05-16,431.7300,432.6300,427.8500,429.6900,1839684
2024-05-15,434.2800,435.3600,429.5300,430.8200,1745201
2024-05-14,434.5000,435.4200,430.1300,432.1100,1288097
2024-05-13,435.0700,437.1600,433.7100,434.7800,1269769
2024-05-10,430.5000,434.8300,430.4700,434.3900,1234538
2024-05-09,429.7900,430.9400,428.2800,429.8600,1740116
2024-05-08,430.0100,430.8700,426.9300,427.7100,1344802
2024-05-07,429.7100,437.9400,427.4500,430.0000,1556578
2024-05-06,426.9800,428.5800,423.4500,426.6200,1533533
2024-05-03,418.0800,425.7700,418.0800,423.6000,2657419
2024-05-02,425.8200,425.8200,413.6100,419.6200,5267333
2024-05-01,442.7900,449.4000,441.9800,442.6200,1824287
2024-04-30,443.6500,444.7100,440.2450,440.9600,2172777
2024-04-29,445.7700,448.1300,442.2800,445.0700,1260302
2024-04-26,439.4600,445.6900,439.4600,443.1800,1583773
2024-04-25,442.5200,445.2500,439.1000,443.8300,1442677
2024-04-24,437.2100,444.6100,433.3800,444.3200,1969118
2024-04-23,446.5700,448.1018,444.0900,445.0600,1509928
2024-04-22,443.3800,448.9800,441.7300,446.9700,1346060
2024-04-19,451.9700,451.9700,444.0900,446.3000,1831208
2024-04-18,450.9700,451.1900,445.5200,446.4300,1070337
2024-04-17,445.5800,449.1100,443.9800,446.7900,1216831
2024-04-16,446.7400,446.8600,442.8600,445.7800,1577300
2024-04-15,449.9200,453.9100,443.8250,444.7500,1712064
2024-04-12,450.2100,451.6300,444.1550,447.4100,1976740
2024-04-11,451.5800,455.9700,448.2800,453.0000,1681767
2024-04-10,453.4300,453.8300,449.3400,450.4900,1838189
2024-04-09,460.6700,461.8200,453.6500,457.9400,1447902
2024-04-08,462.8700,463.0900,459.4900,461.6700,1674389
2024-04-05,457.5200,465.7900,456.5700,464.7000,1570311
2024-04-04,463.3200,466.9400,455.9700,457.2600,2190119
2024-04-03,460.8200,464.3400,460.1750,462.4700,1311539
2024-04-02,462.3700,464.2227,460.8350,461.3400,1412869
2024-04-01,465.9400,466.5500,461.8100,463.4000,976054
2024-03-28,463.6300,465.9100,462.6100,464.3200,1784986
2024-03-27,462.9700,467.2300,460.9500,466.2300,1590766
2024-03-26,464.9400,468.3400,464.9400,467.5500,1265325
2024-03-25,467.2100,468.2650,464.4500,466.9000,1391048
2024-03-22,464.3600,469.2100,462.4900,468.2400,1687410
2024-03-21,464.6500,468.6200,463.3400,466.3000,2723870
2024-03-20,466.2900,468.2800,464.1300,466.7900,2146444
2024-03-19,467.0000,468.2300,464.8550,466.7300,1883132
2024-03-18,468.6400,475.9800,465.5600,466.1100,3026421
2024-03-15,472.6100,473.8400,466.3800,468.2300,33347624
2024-03-14,475.9300,477.0000,473.0900,473.9400,3304304
2024-03-13,469.9600,477.7100,469.9600,474.8900,3239948
2024-03-12,467.3900,473.2100,466.8900,471.4700,3197769
2024-03-11,473.9800,473.9800,466.7500,469.4800,4227523
2024-03-08,466.2900,466.2900,461.9800,462.5500,2469190
2024-03-07,465.0000,467.7700,461.6300,465.2900,2514029
2024-03-06,458.9800,465.1100,458.9800,463.6100,2599858
2024-03-05,456.3700,463.0400,456.3700,460.9600,4102913
2024-03-04,449.2100,456.6600,448.7250,455.6000,2291760
2024-03-01,448.0000,450.9700,447.0000,449.2100,1656087
2024-02-29,452.6500,453.1100,445.1000,448.8200,3684235
2024-02-28,444.1100,451.7300,443.5200,451.2000,1562559
2024-02-27,443.5600,444.9500,441.8600,444.8000,1086269
2024-02-26,447.5600,448.0500,444.5100,444.9400,1285980
2024-02-23,448.3000,448.5350,445.3100,447.5600,1164860
2024-02-22,441.7700,447.8300,438.7300,447.0300,1386858
2024-02-21,437.7600,439.7500,434.6300,439.4600,1230916
2024-02-20,435.5900,439.4000,434.1900,435.9600,1869207
2024-02-16,432.2700,434.7700,430.6500,431.6300,1460792
2024-02-15,420.2500,429.2400,419.6900,428.6900,1721804
2024-02-14,418.8700,420.8500,416.6200,418.4000,1345168
2024-02-13,418.9200,419.7100,414.2220,416.2500,1313516
2024-02-12,420.3600,420.9850,418.1230,419.6100,1272070
2024-02-09,413.8100,419.8400,412.2900,419.4200,1351477
2024-02-08,419.3000,419.3000,413.3600,414.0000,1488904
2024-02-07,419.0700,423.9719,415.3000,416.8300,1985623
2024-02-06,414.8900,421.0000,411.3600,415.5600,3227232
2024-02-05,396.8400,401.9800,396.0700,400.6300,3487750
2024-02-02,407.0200,408.9300,404.2373,407.0900,2218561
2024-02-01,408.2700,410.0000,405.3100,408.6500,1893642
2024-01-31,409.4600,410.6100,403.3326,404.8300,1782044
2024-01-30,406.0500,410.5400,405.4000,407.8500,1647680
2024-01-29,404.7800,405.8738,402.2598,405.6100,1400491
2024-01-26,404.4100,405.3200,401.6700,404.0400,1146625
2024-01-25,400.7200,403.6000,400.4000,403.4700,1550902
2024-01-24,407.0700,408.3900,401.0000,401.2800,1561307
2024-01-23,405.2900,408.1800,402.1650,407.8900,1293867
2024-01-22,401.8800,407.3200,401.4100,406.4700,2105464
2024-01-19,407.1200,408.0000,404.2600,407.3800,2265923
2024-01-18,407.0600,408.3800,403.7400,407.8500,1232218
2024-01-17,404.4700,407.3300,403.9200,406.7500,1369062
2024-01-16,407.4800,410.6100,406.0000,406.6500,1464745
2024-01-12,408.7400,409.5600,405.5000,408.9200,849170
2024-01-11,406.7800,407.0000,401.6400,405.9600,1110526
2024-01-10,404.4300,406.0850,404.0100,405.8800,1170618
2024-01-09,407.4800,407.7800,404.4300,406.6900,1256166
2024-01-08,407.8600,409.9900,404.3600,408.2900,1142302
2024-01-05,409.0500,410.4900,406.2500,409.1200,1400066
2024-01-04,407.6400,411.6500,407.5800,408.5900,1517835
2024-01-03,405.9000,409.8600,405.2900,408.7100,1536315
2024-01-02,409.7800,411.7300,406.7000,409.5800,1571892
2023-12-29,408.7200,412.1200,407.9600,410.7100,975935
2023-12-28,410.5300,410.9000,409.2050,409.7700,814377
2023-12-27,408.0000,411.3500,408.0000,411.2100,848542
2023-12-26,410.6100,411.7300,409.6300,409.9300,619271
2023-12-22,410.5900,412.2800,408.7645,410.7400,838963
2023-12-21,408.0200,409.4000,406.6100,409.1300,1534008
2023-12-20,410.7400,411.7900,405.9400,406.3600,1578526
2023-12-19,412.0000,414.2500,410.1100,412.0900,1324661
2023-12-18,411.9000,412.9900,407.7700,409.1000,1717608
2023-12-15,407.4100,410.8950,404.9000,407.3800,4241139
2023-12-14,406.7800,411.1200,405.8250,409.7200,2220458
2023-12-13,405.9400,414.1700,404.6650,408.7400,3359596
2023-12-12,425.6900,434.2100,420.3000,426.7200,6829002
2023-12-11,400.0000,408.2900,399.8700,408.2400,1653505
2023-12-08,398.0000,401.6000,397.4600,401.2700,1483659
2023-12-07,399.4100,401.4100,397.3800,398.6500,1914117
2023-12-06,403.9700,404.1700,398.4400,400.3100,2145234
2023-12-05,406.0000,406.6100,402.1500,403.9700,2207044
2023-12-04,409.0000,411.2400,406.0213,406.6400,2092442
2023-12-01,412.4500,415.0500,409.9700,411.7000,2107310
2023-11-30,410.4600,416.0000,409.7900,413.7700,4023877
2023-11-29,412.5700,415.2900,410.9510,411.3900,1405937
2023-11-28,412.0100,413.8200,410.0200,410.7300,1134339
2023-11-27,413.8300,414.0000,410.0000,412.8000,1301164
2023-11-24,412.6700,416.1931,411.8700,414.2200,711306
2023-11-22,410.7400,412.5100,408.1100,411.6200,1110974
2023-11-21,411.0400,414.9700,409.4100,411.9100,1225251
2023-11-20,407.5500,410.1200,406.2000,408.2700,1678508
2023-11-17,411.0800,411.0800,406.5000,407.8800,1542480
2023-11-16,403.1800,408.9622,402.3200,408.3900,1228118
2023-11-15,403.9700,406.1300,402.1000,402.7500,1139901
2023-11-14,399.5700,406.7800,399.5700,403.7600,1350547
2023-11-13,396.3600,401.9500,395.0000,399.7500,1420008
2023-11-10,391.5100,400.3700,391.5100,399.8400,1378076
2023-11-09,394.3300,394.3900,390.3800,390.9800,1305415
2023-11-08,391.4100,394.1300,389.1400,392.2600,1631383
2023-11-07,389.9600,390.9550,385.1200,389.3000,2647373
2023-11-06,392.5500,393.5300,390.2400,393.0000,1463968
2023-11-03,390.1000,395.1800,388.6300,392.5100,1339317
2023-11-02,387.4700,391.7100,387.4400,389.6600,1586674
2023-11-01,382.2700,387.5300,381.0637,387.1000,1564907
2023-10-31,378.2100,384.0700,376.7000,382.1600,2020689
2023-10-30,376.0700,379.4200,373.6900,378.8700,1477971
2023-10-27,367.8600,376.5600,367.8600,370.5300,1945339
2023-10-26,370.8900,374.2900,366.1200,370.3200,2168464
2023-10-25,367.8300,369.5000,362.3300,364.3800,1493094
2023-10-24,366.5300,369.4200,365.0350,367.2600,1590043
2023-10-23,365.0000,368.6300,361.0200,365.4300,1648739
2023-10-20,370.0000,371.7800,365.9400,366.3600,1334065
2023-10-19,370.4400,373.5900,368.8500,370.1400,1249226
2023-10-18,379.1300,379.6500,370.9150,371.4000,1486624
2023-10-17,377.6300,382.3340,376.4750,381.0900,920322
2023-10-16,378.4800,384.3200,378.0100,379.2400,1182414
2023-10-13,379.7000,382.4600,376.1400,377.8900,1214208
2023-10-12,380.7100,381.4000,375.3350,377.7100,888419
2023-10-11,380.3400,381.5900,377.3250,378.6700,931392
2023-10-10,376.3600,381.6700,375.0900,378.9600,1335511
2023-10-09,370.3900,374.4650,369.2400,373.7300,846062
2023-10-06,369.2400,375.0500,367.0300,373.5400,1571287
2023-10-05,378.2600,381.0000,367.1100,369.8600,1822052
2023-10-04,374.1300,379.8800,372.7600,378.6100,1897908
2023-10-03,368.6000,377.1300,367.7700,372.8300,1747620
2023-10-02,370.9400,371.4400,366.5000,370.2100,1298389
2023-09-29,375.8500,376.8700,371.9500,372.3500,1474300
2023-09-28,372.6900,376.6650,371.3950,373.4900,1065630
2023-09-27,371.4300,373.9150,370.0050,372.0100,1254914
2023-09-26,373.7100,375.2700,368.9700,371.2000,1769515
2023-09-25,371.1800,376.9000,369.0000,376.5700,1558288
2023-09-22,370.8600,375.9700,370.6700,372.9500,1017391
2023-09-21,377.1400,377.4900,372.3200,372.4400,1362216
2023-09-20,388.6500,388.7100,378.6400,378.8200,1747310
2023-09-19,388.0500,390.3900,385.5500,389.7800,1459271
2023-09-18,387.6700,389.3750,385.1000,387.5300,652059
2023-09-15,389.7000,393.4200,386.0100,387.9900,2820452
2023-09-14,387.2800,390.9300,385.6400,389.8000,1231480
2023-09-13,386.9600,388.6800,384.3900,385.1500,1207469
2023-09-12,387.3900,389.5900,386.9900,387.9200,1047862
2023-09-11,388.6000,391.5000,387.4800,389.3500,862209
2023-09-08,386.4800,389.4900,385.1073,386.8100,1064046
2023-09-07,384.0700,387.4350,382.1100,386.6200,986394
2023-09-06,380.3500,383.8300,379.5100,383.2900,775501
2023-09-05,389.9700,389.9700,381.4500,381.6000,1092673
2023-09-01,389.1500,391.0050,387.5800,388.9100,969965
2023-08-31,387.6600,389.1650,386.0000,387.0400,1193097
2023-08-30,386.9000,388.2000,385.3000,387.0900,780090
2023-08-29,381.0700,386.9900,379.3500,386.8500,1060094
2023-08-28,382.4000,383.9600,380.7400,382.0700,771993
2023-08-25,379.4200,383.2700,377.9100,381.5900,1022076
2023-08-24,377.4000,380.7500,377.1150,377.9400,820328
2023-08-23,377.5900,379.7300,375.7250,378.3500,929185
2023-08-22,378.6000,380.3700,377.3670,377.5900,913303
2023-08-21,376.2200,378.5200,373.4700,377.4900,947345
2023-08-18,374.5600,377.8700,373.8000,375.1000,1254725
2023-08-17,379.4400,381.2000,375.3900,376.3600,1229762
2023-08-16,378.7600,381.5850,377.3700,377.8000,1143793
2023-08-15,379.0000,380.7600,377.7400,379.3800,709662
2023-08-14,381.1100,383.3400,379.0200,382.1700,1060687
2023-08-11,382.3300,383.2500,380.5400,381.8200,692723
2023-08-10,381.3000,386.5799,380.7400,382.3200,824995
2023-08-09,383.2100,383.8700,379.2900,379.5600,853369
2023-08-08,383.9000,384.3400,378.9300,381.7800,946797
2023-08-07,381.0000,385.9699,380.6550,384.9700,1111977
2023-08-04,384.3200,384.3950,377.5300,377.8200,1648865
2023-08-03,381.9100,384.5300,379.1100,380.7500,1926047
2023-08-02,385.6200,387.1250,383.3550,383.7800,1538913
2023-08-01,389.8400,393.6650,388.5100,388.6400,1468631
2023-07-31,388.5200,390.9700,385.9500,390.6700,1617160
2023-07-28,386.6500,389.1450,385.2063,388.7100,1445378
2023-07-27,388.2100,388.7250,383.2142,384.6300,2336445
2023-07-26,387.2000,388.4800,379.5900,388.2100,1825629
2023-07-25,385.5500,391.6100,384.8900,391.0400,1328442
2023-07-24,385.0000,386.0000,381.7200,384.6900,1467548
2023-07-21,380.3800,385.4050,378.8200,384.5400,1195695
2023-07-20,376.1100,381.7100,374.7500,381.6000,1085126
2023-07-19,382.3900,383.8700,374.3100,374.7100,1607110
2023-07-18,376.8900,384.5500,376.8900,384.2700,1099434
2023-07-17,378.5100,383.5600,378.5000,382.1100,1152062
2023-07-14,377.1400,379.4900,376.5000,378.5800,886396
2023-07-13,376.1000,378.1000,373.6400,377.1400,1281086
2023-07-12,370.3700,374.9300,365.9850,374.6000,1557213
2023-07-11,369.8100,371.7100,363.2650,366.8400,1162040
2023-07-10,363.9000,368.7400,363.9000,367.5500,1292130
2023-07-07,363.0300,369.8900,362.0000,364.5100,1336847
2023-07-06,362.3800,364.9200,358.3700,364.5300,2129972
2023-07-05,371.1200,374.0400,365.6900,367.2400,2926719
2023-07-03,382.0100,382.3500,378.1600,378.1600,1118678
2023-06-30,380.4200,383.5750,380.0200,381.0800,1642800
2023-06-29,373.4900,380.6229,373.4200,379.1900,1350567
2023-06-28,374.2100,375.8500,372.3500,374.9700,1094000
2023-06-27,371.6200,376.4100,371.4600,375.7500,1319983
2023-06-26,369.9800,372.0000,369.4600,370.7100,1089723
2023-06-23,369.6200,371.1400,367.1900,370.5900,2070677
2023-06-22,368.2800,373.3300,365.5900,372.6400,1197487
2023-06-21,367.1600,372.0600,365.5100,370.6500,1542693
2023-06-20,374.4000,374.8800,367.8400,368.6800,1721720
2023-06-16,376.7500,377.0000,373.3100,375.2900,4372161
2023-06-15,375.3700,378.5000,372.9900,376.4400,1228551
2023-06-14,375.2400,376.4500,371.9300,374.3100,1553188
2023-06-13,364.2300,373.3300,363.2300,373.2600,2066012
2023-06-12,362.4700,362.4700,358.5850,362.0100,1021434
2023-06-09,362.4900,362.4900,358.7500,360.7600,1121612
2023-06-08,362.1000,362.6900,359.3600,362.2100,1056376
2023-06-07,358.6200,363.6000,358.4400,362.2900,1440967
2023-06-06,362.3100,364.7450,357.7900,359.7400,1638010
2023-06-05,361.7600,367.2200,360.2300,362.8100,1724564
2023-06-02,357.6000,361.6400,357.1100,360.4700,1337751
2023-06-01,355.2800,357.3300,353.2300,355.4900,1239491
2023-05-31,354.1100,357.4100,352.4400,353.6600,2855631
2023-05-30,356.2000,356.7625,350.6000,354.9100,1801854
2023-05-26,357.1200,360.6300,354.8000,356.2100,1805824
2023-05-25,356.1500,359.1200,354.9400,356.5900,1994795
2023-05-24,351.3200,356.5300,351.0500,354.8600,1801252
2023-05-23,364.0000,364.0100,353.7000,353.9400,2156987
2023-05-22,372.5000,373.0700,366.3200,366.3900,1207860
2023-05-19,369.5700,372.4000,368.9400,371.4900,1140930
2023-05-18,363.7700,368.7180,362.2150,368.1900,1116124
2023-05-17,367.1300,367.1300,364.0100,365.0100,1296363
2023-05-16,367.2900,368.0500,364.5600,365.9000,1065285
2023-05-15,371.0900,371.3150,365.4600,368.8000,1378803
2023-05-12,366.8700,370.7600,366.4501,370.3300,1189465
2023-05-11,368.4300,369.6600,365.0200,367.0400,1336724
2023-05-10,369.8400,370.1800,364.0000,368.9000,1304325
2023-05-09,365.0000,367.4999,362.7300,364.7000,1015506
2023-05-08,368.0000,368.6700,365.0500,365.6700,1261695
2023-05-05,364.2200,367.4600,363.5800,366.3700,1113588
2023-05-04,362.6400,365.2100,357.4647,360.8000,1545832
2023-05-03,369.5100,371.2600,363.3600,363.5000,1418886
2023-05-02,370.4400,371.7200,367.3400,370.0400,1124556
2023-05-01,370.8000,373.5800,370.0650,372.3100,1018099
2023-04-28,365.6300,370.5400,364.9000,369.4500,1878866
2023-04-27,365.5900,367.9000,359.8250,365.6400,1898616
2023-04-26,364.9700,366.1300,362.2800,365.0000,2051828
2023-04-25,366.7800,369.6500,365.0110,367.0600,1735860
2023-04-24,367.3700,369.0700,366.1450,368.0100,1237661
2023-04-21,364.8800,367.1500,364.3700,366.2100,1677837
2023-04-20,363.0300,367.5100,362.7700,367.3500,1095481
2023-04-19,362.5200,365.5000,361.5900,365.3100,1163187
2023-04-18,364.0600,365.8400,361.7800,364.8700,1084980
2023-04-17,359.8200,362.3950,359.5100,362.3500,1421302
2023-04-14,360.9700,362.6900,357.6700,359.6700,1078282
2023-04-13,358.2500,364.1400,357.2200,361.9600,1667550
2023-04-12,360.6900,362.8500,357.9500,359.3500,1613716
2023-04-11,359.2200,360.8600,357.0400,358.2500,975055
2023-04-10,355.1400,358.7400,354.6650,358.5600,1311530
2023-04-06,352.2500,357.2100,352.0100,356.5800,1627689
2023-04-05,354.7600,356.5300,353.2850,355.6100,2199781
2023-04-04,357.2600,361.4300,356.5100,357.8000,2299186
2023-04-03,353.4500,358.9900,353.4500,358.1000,1878474
2023-03-31,350.3700,355.6300,350.0450,355.4400,1513468
2023-03-30,350.4500,351.7000,348.4200,351.5400,1120710
2023-03-29,351.6100,352.8450,348.3800,349.7300,1132624
2023-03-28,346.8700,348.0200,344.5600,347.3700,1396658
2023-03-27,347.8300,349.9850,345.0700,347.1000,1475948
2023-03-24,339.5100,345.4500,337.9500,344.7500,1793849
2023-03-23,340.0500,346.1200,339.5500,341.3300,2082145
2023-03-22,341.0400,344.6200,338.6900,339.1500,1434214
2023-03-21,343.2800,344.1500,339.0200,341.3000,1792643
2023-03-20,332.4300,339.5400,331.9500,338.8100,2305149
2023-03-17,335.8000,336.9100,329.9100,330.4900,5702339
2023-03-16,328.5700,339.6000,328.1200,338.2900,1750154
2023-03-15,329.1000,332.6900,324.1100,330.9300,3395328
2023-03-14,340.9400,346.3900,339.2600,342.4400,2580095
2023-03-13,338.7400,340.6300,334.0900,334.8300,2228912
2023-03-10,346.1900,347.3900,340.1100,341.5400,1534105
2023-03-09,352.0900,353.3000,344.2100,345.9200,2489124
2023-03-08,353.0000,355.7200,350.4000,354.9000,2222842
2023-03-07,356.0000,357.1200,350.4600,354.1400,2218111
2023-03-06,360.0000,360.6800,356.3800,358.0500,3846387
2023-03-03,355.0200,362.7400,353.3300,362.3800,2929275
2023-03-02,350.3900,354.3800,349.5500,351.7500,2266645
2023-03-01,350.1000,356.1800,349.0500,350.0500,3474086
2023-02-28,344.4700,351.1500,344.2000,348.3700,3274392
2023-02-27,346.2450,348.3200,344.2000,344.4800,3708627
2023-02-24,323.0900,348.2100,322.6100,347.6600,14738005
2023-02-23,331.7300,334.3400,326.4100,331.8900,3836358
2023-02-22,327.8600,331.8700,325.0500,330.0300,3595062
2023-02-21,322.9400,328.3700,322.1250,324.5600,3245701
2023-02-17,320.8800,323.3800,319.2300,321.5200,3231617
2023-02-16,325.6700,327.7600,323.3700,323.5000,3209174
2023-02-15,332.0000,332.7100,329.1800,332.5300,2492991
2023-02-14,333.3900,335.2800,330.3800,334.0000,2175028
2023-02-13,333.0600,335.9450,332.1300,334.0600,1782688
2023-02-10,331.1800,332.6300,328.1900,332.0400,2515955
2023-02-09,336.2200,337.9900,331.1200,332.5700,2655678
2023-02-08,340.6000,346.6700,333.4450,334.2500,3429574
2023-02-07,318.9000,337.4200,318.8800,337.1200,5990071
2023-02-06,322.3800,323.7100,319.8400,322.8600,2322929
2023-02-03,325.1700,328.8900,323.4400,323.6000,2662969
2023-02-02,331.7300,334.5050,327.1100,332.0500,2523970
2023-02-01,330.7300,333.7500,326.0000,331.0800,1879548
2023-01-31,326.7600,331.2600,326.4500,330.9400,2330319
2023-01-30,324.4000,328.5400,324.1800,325.0300,2163761
2023-01-27,324.2600,327.6000,324.0900,324.7000,1819783
2023-01-26,326.4000,329.5300,324.7200,329.5100,1587129
2023-01-25,324.7300,327.2600,323.9900,326.3600,1887234
2023-01-24,325.5600,328.8500,323.7400,328.6300,1625868
2023-01-23,325.8500,328.5700,324.2700,326.4900,1931093
2023-01-20,324.5200,328.8300,322.8100,328.6200,1792713
2023-01-19,324.0000,325.5100,321.4600,324.5400,2703559
2023-01-18,333.5000,333.9500,324.1800,324.3400,2945710
2023-01-17,335.4900,336.3100,329.8200,330.0000,1714680
2023-01-13,330.0000,334.7200,330.0000,334.1100,1882820
2023-01-12,328.2100,329.6200,325.8350,328.9100,1277510
2023-01-11,326.0800,329.7100,324.9550,329.6200,1927992
2023-01-10,322.3900,323.2400,319.3700,322.0300,1613391
2023-01-09,322.2700,325.0700,320.1200,321.9200,2471274
2023-01-06,307.8200,317.1400,307.5700,316.1600,2538893
2023-01-05,305.2700,307.9600,302.1700,305.4900,3133744
2023-01-04,318.7200,320.2450,315.0700,316.7700,2089061
2023-01-03,317.6700,322.0000,314.4500,318.3500,2374240
2022-12-30,326.1600,326.9500,323.2100,326.1800,1238055
2022-12-29,329.3800,330.9000,328.3900,329.7500,872349
2022-12-28,328.8400,330.4600,325.5800,325.9100,908869
2022-12-27,330.6600,332.0900,328.2900,328.9500,682772
2022-12-23,326.1800,329.6100,325.5800,329.3300,636611
2022-12-22,326.3300,327.8400,323.0500,327.6600,1202156
2022-12-21,326.0600,330.3200,326.0600,328.6700,1723822
2022-12-20,328.0300,330.9200,326.3400,328.9300,1312878
2022-12-19,329.0000,330.5000,326.2000,327.0500,1254739
2022-12-16,327.5600,329.9400,324.0200,329.6300,3857589
2022-12-15,336.4000,336.8000,328.6019,330.8000,1882896
2022-12-14,343.0500,345.4550,340.0000,342.0100,1824773
2022-12-13,346.0500,347.5950,340.4600,342.4500,1969448
2022-12-12,336.0200,336.8100,333.6150,336.0500,1246867
2022-12-09,334.7200,335.8400,332.1800,332.2100,1262938
2022-12-08,331.2900,335.1900,330.9100,334.6300,966865
2022-12-07,332.0700,333.9300,329.5800,331.4000,1849322
2022-12-06,334.9200,335.6500,329.4900,331.5000,1242104
2022-12-05,335.1700,336.3000,332.5800,334.2600,2145039
2022-12-02,334.3400,338.9726,333.6200,337.3500,1200752
2022-12-01,337.2900,338.1290,332.9100,337.2600,1419981
2022-11-30,332.1200,337.0800,328.4000,336.4800,3115178
2022-11-29,334.7600,335.5000,331.0100,331.9700,1888348
2022-11-28,344.7100,344.9300,336.8000,337.7000,2881129
2022-11-25,343.2600,344.5800,342.5045,344.4200,458541
2022-11-23,340.7400,343.5000,340.3450,342.8600,954465
2022-11-22,336.1500,340.2700,334.2500,339.7600,1010464
2022-11-21,332.6400,335.9200,332.6400,334.3700,1065656
2022-11-18,334.1600,335.7000,330.9900,334.9100,1257438
2022-11-17,329.7100,331.3460,328.0000,330.3400,1520587
2022-11-16,335.8400,336.1500,333.3100,333.7300,1418554
2022-11-15,339.0200,339.2500,329.9500,332.5600,1865524
2022-11-14,333.0000,338.0300,331.9400,332.0800,1908609
2022-11-11,333.1700,334.2600,329.4900,330.2200,2133739
2022-11-10,330.0000,330.1300,324.5400,328.3700,2683377
2022-11-09,315.7000,318.8700,313.3300,314.4400,1165613
2022-11-08,314.7000,318.5100,313.6900,314.7100,1520091
2022-11-07,311.0900,313.9500,309.4150,313.4900,1575869
2022-11-04,306.1400,310.0400,303.0300,308.9300,2948056
2022-11-03,289.9900,298.2200,289.9400,297.6000,2396086
2022-11-02,302.3400,302.3400,293.8800,294.3400,2587924
2022-11-01,304.0200,304.0200,296.4650,298.1700,1891510
2022-10-31,300.6800,302.7600,297.1200,297.3500,2016113
2022-10-28,296.0500,303.0000,294.6700,301.8000,2249359
2022-10-27,294.0000,296.7100,292.1900,293.2600,2338523
2022-10-26,291.7100,296.6000,290.2300,294.8400,2597317
2022-10-25,278.3400,288.2400,278.1000,288.1800,2999567
2022-10-24,293.3300,294.8800,276.6400,278.1200,4454523
2022-10-21,280.4600,288.7300,279.5400,288.3200,1610564
2022-10-20,284.4100,288.2150,281.5000,282.2300,1345062
2022-10-19,284.0000,286.1019,281.8150,283.9100,1186532
2022-10-18,288.1700,288.8300,282.7800,284.6600,1692779
2022-10-17,281.2500,283.6950,280.5800,280.9200,1508177
2022-10-14,285.6900,287.5900,274.9700,275.3400,1640037
2022-10-13,266.9800,283.0200,266.2200,282.4600,2124516
2022-10-12,271.0800,273.8200,269.9800,271.5900,1437342
2022-10-11,270.3000,275.0500,268.9400,271.0000,1092891
2022-10-10,273.9000,274.8000,270.1700,271.8300,1207905
2022-10-07,276.4800,277.0000,271.8700,273.2000,1587905
2022-10-06,280.4000,282.2500,277.3300,278.8200,2182295
2022-10-05,283.4200,286.3200,281.3150,283.7900,1861361
2022-10-04,283.6100,287.1700,282.8600,286.4600,2425138
2022-10-03,272.5300,277.3300,271.2800,275.8200,3081012
2022-09-30,270.1300,274.1400,269.3600,269.5900,2625109
2022-09-29,268.3900,270.4900,265.2200,269.6100,1463961
2022-09-28,266.4400,272.8900,264.9500,271.4500,1880218
2022-09-27,268.0300,269.1600,262.4700,265.2000,1947413
2022-09-26,266.2400,269.5650,262.9700,264.2500,2173985
2022-09-23,269.8200,270.5800,265.8700,269.1500,1947215
2022-09-22,276.6000,277.4600,273.3000,274.0700,1522955
2022-09-21,281.8900,283.7025,276.3700,276.5300,1428743
2022-09-20,280.5500,282.7400,279.0400,281.5300,1589718
2022-09-19,280.5200,285.3100,280.1200,285.1400,1144164
2022-09-16,280.3360,283.9100,278.5200,283.3600,3278296
2022-09-15,284.9500,287.6700,282.6500,282.9000,1382631
2022-09-14,285.6100,287.4600,283.2600,286.5700,1325356
2022-09-13,288.6300,291.5800,284.9400,285.5800,1752480
2022-09-12,292.9100,295.1800,290.7500,294.5100,1752728
2022-09-09,286.3600,288.0600,285.0800,287.0300,1679440
2022-09-08,279.6600,284.1100,279.5100,283.9100,1510287
2022-09-07,277.6100,286.1100,277.3500,285.8300,1313668
2022-09-06,276.3600,279.1700,273.7800,276.9400,2738517
2022-09-02,283.0600,285.8100,276.4950,277.7100,2400649
2022-09-01,277.8300,279.6000,273.2950,279.1400,3096347
2022-08-31,284.9300,285.7500,282.3100,282.8600,2947804
2022-08-30,289.5000,290.0300,282.6500,284.6500,1674423
2022-08-29,286.3500,288.8300,285.7100,287.5100,1456060
2022-08-26,296.9700,297.2200,286.0300,286.2500,1782504
2022-08-25,294.3600,297.5384,292.9200,297.1200,1332394
2022-08-24,294.2100,294.9700,292.0000,293.1300,1439287
2022-08-23,293.4500,296.5400,292.2150,294.1800,1461618
2022-08-22,296.4100,297.5300,294.4500,295.7900,1966459
2022-08-19,308.5000,308.5300,303.2250,303.7500,1154055
2022-08-18,309.5300,311.1000,308.1201,310.1700,1113596
2022-08-17,308.4640,310.1600,307.0000,309.4600,912268
2022-08-16,309.2900,313.4800,309.2500,312.2900,938417
2022-08-15,309.8400,312.4300,308.2000,312.2100,1263546
2022-08-12,305.9800,311.5700,305.5700,311.5500,1149140
2022-08-11,309.2400,310.0500,305.6100,305.8700,1165427
2022-08-10,308.0200,311.2800,306.4300,309.4000,1246861
2022-08-09,300.6500,302.7400,299.7700,300.6700,884433
2022-08-08,305.6600,305.8600,300.6900,300.9800,1081732
2022-08-05,300.1100,302.0700,299.4000,301.9700,1113119
2022-08-04,301.4200,304.1225,301.4200,302.2400,1451091
2022-08-03,299.8800,301.3250,295.7900,300.0600,1297074
2022-08-02,298.4300,300.6200,295.8200,297.6400,1428145
2022-08-01,300.4300,302.2900,298.4851,300.0700,1247978
2022-07-29,299.1300,303.1500,298.7500,302.0000,1711433
2022-07-28,286.4400,297.3200,286.4400,296.9300,1941301
2022-07-27,286.1900,290.7300,285.1050,290.4500,3179249
2022-07-26,284.5300,287.6550,284.3450,286.6200,1448502
2022-07-25,286.9200,288.2600,284.5700,288.0900,1460705
2022-07-22,287.1800,288.7000,284.5450,285.5400,1203662
2022-07-21,282.5000,287.2400,282.0900,287.0300,1544780
2022-07-20,284.4000,285.8000,281.9300,283.1400,1996988
2022-07-19,280.8200,286.4200,280.3000,285.7500,2097586
2022-07-18,279.7600,280.5896,276.2700,277.1300,2244081
2022-07-15,275.2600,276.9800,273.2600,276.9800,2370145
2022-07-14,267.8200,269.1200,265.1200,269.0100,2473787
2022-07-13,270.1400,275.8700,269.2950,274.7300,2423311
2022-07-12,274.9600,277.6500,273.1050,273.5400,2146585
2022-07-11,270.9400,278.1669,270.7500,276.7700,2251747
2022-07-08,274.7600,276.3800,271.9700,273.6800,1711930
2022-07-07,274.8200,276.2600,273.5900,273.8800,2338141
2022-07-06,269.6100,275.4800,269.5500,274.2900,3484076
2022-07-05,272.1800,273.4700,266.8250,270.6300,4332745
2022-07-01,283.5200,286.1300,280.9300,285.4400,3307611
2022-06-30,284.1200,289.5900,282.5000,287.5300,2926961
2022-06-29,291.1340,292.3400,288.6400,291.4100,1951294
2022-06-28,296.2500,299.0000,292.1900,293.4000,2535516
2022-06-27,299.6200,300.8000,295.4900,296.2600,2714304
2022-06-24,297.5100,304.6200,297.4650,303.2300,23958751
2022-06-23,296.9600,299.7900,293.0000,296.8300,2812451
2022-06-22,293.5900,300.9000,293.3400,298.4000,2769206
2022-06-21,293.3900,300.6100,292.8400,298.7800,3779420
2022-06-17,285.0400,292.5100,283.6700,290.6800,5565570
2022-06-16,289.8400,291.6100,287.8300,289.7200,2986892
2022-06-15,299.6000,302.8400,294.0600,299.9900,1979468
2022-06-14,299.2600,300.1100,293.2200,295.6200,2420349
2022-06-13,302.6300,304.5000,299.7500,301.3300,2039566
2022-06-10,312.4500,313.2900,307.8600,310.8900,2008025
2022-06-09,324.2500,326.6000,318.5900,318.6900,1666239
2022-06-08,330.9300,333.7500,327.2900,328.6000,1916979
2022-06-07,331.5400,336.1300,331.2000,335.7600,1726083
2022-06-06,336.3800,337.9900,333.3600,335.5100,1728558
2022-06-03,330.2900,333.5600,329.8200,331.9000,1332834
2022-06-02,323.5400,333.4000,322.9300,333.1800,2282427
2022-06-01,323.5300,325.1250,317.8000,319.6100,1853782
2022-05-31,324.4500,327.8500,322.8950,324.6800,2510401
2022-05-27,323.9100,329.8100,323.3600,329.6300,1878978
2022-05-26,317.5500,321.7500,317.1800,320.3300,2651563
2022-05-25,318.7600,320.0400,313.2900,315.8500,2260079
2022-05-24,321.0000,321.6400,315.6900,320.4900,1707656
2022-05-23,319.9200,323.5300,318.7300,320.4200,1981099
2022-05-20,315.5100,316.7500,307.3300,315.1800,2372010
2022-05-19,308.4700,314.0950,307.9500,310.7000,1957833
2022-05-18,314.6200,316.2900,308.9100,310.0700,1737248
2022-05-17,316.9200,318.9000,314.9300,318.7700,1396688
2022-05-16,307.3500,311.6300,304.9300,309.4400,1598788
2022-05-13,303.2900,311.1800,302.5900,308.7700,1845454
2022-05-12,296.5100,302.3300,296.3176,301.3400,2455226
2022-05-11,298.0800,306.7300,297.4000,300.4500,1759321
2022-05-10,306.2000,306.6500,298.0900,299.3800,2525192
2022-05-09,303.7200,305.6000,299.8200,300.2700,2027027
2022-05-06,305.4800,309.8200,303.7850,308.6600,2273042
2022-05-05,318.8800,319.6800,309.4300,312.6100,1769712
2022-05-04,314.8100,322.9000,312.1400,322.2400,1726284
2022-05-03,314.1200,316.6900,311.9200,314.0100,1771891
2022-05-02,314.5600,315.6550,306.9000,313.2900,2195364
2022-04-29,313.5300,318.9000,310.9700,311.9600,2534861
2022-04-28,305.5000,316.5200,303.0250,315.1900,3304882
2022-04-27,304.3700,310.0600,303.4700,307.0400,2610919
2022-04-26,311.6400,313.5500,303.5300,303.5300,2317400
2022-04-25,311.3000,314.1700,306.5200,313.9900,2293478
2022-04-22,322.6600,322.6600,309.0300,309.7200,2339260
2022-04-21,331.1900,332.3100,323.5800,324.3700,1475038
2022-04-20,319.9200,327.8700,319.9200,326.3700,1940946
2022-04-19,315.0900,319.1600,314.5600,318.1500,1944800
2022-04-18,318.4900,319.9000,315.6900,317.5400,915826
2022-04-14,318.9600,320.7000,316.6200,318.5200,1785315
2022-04-13,314.0000,319.4300,313.5300,319.2500,1208897
2022-04-12,314.9100,317.6100,312.8900,314.0000,1827941
2022-04-11,317.8500,319.4200,316.7600,317.1500,1235758
2022-04-08,317.5000,321.4600,317.1300,317.8200,1357176
2022-04-07,316.7800,319.5000,314.3600,318.0500,1471376
2022-04-06,316.0200,316.9200,312.1300,315.0500,2257621
2022-04-05,320.8300,325.0400,320.6700,321.7700,1374536
2022-04-04,320.3700,321.9800,319.1800,321.4400,1301779
2022-04-01,320.8900,322.9000,320.3700,322.7300,1477765
2022-03-31,323.5300,324.8800,319.2200,319.4300,2311272
2022-03-30,324.6000,326.5400,322.4550,325.6200,1526738
2022-03-29,327.7300,329.0000,320.7400,326.3400,2514240
2022-03-28,319.3700,322.7000,319.0400,322.6400,1722506
2022-03-25,320.6400,320.9400,315.7450,318.7400,1803926
2022-03-24,309.7020,318.1300,309.7020,318.0400,2115897
2022-03-23,307.7400,310.7200,306.9483,307.3000,1853999
2022-03-22,311.9000,313.4000,309.6050,312.1300,1514544
2022-03-21,311.5300,312.4600,308.3200,310.7000,1553907
2022-03-18,304.7100,312.5700,304.7100,311.6600,3231874
2022-03-17,302.8900,310.0900,302.1400,309.3700,2265270
2022-03-16,303.0800,308.3100,298.5840,304.5300,3535899
2022-03-15,290.1700,294.5800,287.3400,294.1000,3413568
2022-03-14,288.6600,292.6404,284.6000,285.3600,2541154
2022-03-11,288.3500,289.5000,280.3300,280.7600,2007435
2022-03-10,280.5400,288.1800,280.1600,283.4800,2525863
2022-03-09,284.3200,296.3000,281.9400,292.7700,4117790
2022-03-08,273.5000,278.5800,267.5100,271.4400,3117495
2022-03-07,280.8400,281.2200,269.8650,270.9900,3732139
2022-03-04,278.3600,281.5400,276.3700,281.4300,3853940
2022-03-03,290.5800,291.8500,285.6650,287.4100,3092186
2022-03-02,284.1200,292.0300,282.4401,290.2000,2964468
2022-03-01,292.0000,293.1300,280.5500,282.5600,3439348
2022-02-28,287.9600,294.7200,287.9600,293.2400,3233299
2022-02-25,287.6800,297.6500,287.6000,297.4900,2889050
2022-02-24,276.7500,285.9000,276.7500,285.2500,4444541
2022-02-23,295.8500,297.1150,290.6500,291.0900,3391770
2022-02-22,291.2000,295.0700,289.7400,293.5900,3586806
2022-02-18,299.8120,305.2550,298.6300,302.8600,2871470
2022-02-17,301.9700,302.6550,298.0000,298.9700,2055900
2022-02-16,301.3100,305.2700,299.1100,303.8300,1805616
2022-02-15,300.5700,302.6200,298.9200,301.9000,2772439
2022-02-14,294.2200,295.8500,290.3200,293.5100,1774426
2022-02-11,306.9800,309.1000,293.5100,294.7300,2209713
2022-02-10,309.6900,316.8500,307.2900,308.8500,2497991
2022-02-09,302.7700,304.9700,301.7500,304.1500,1880891
2022-02-08,296.5200,299.6400,294.9200,298.7100,1993016
2022-02-07,296.7100,299.6400,295.5100,296.4700,2533353
2022-02-04,301.4100,304.4100,297.5100,297.9800,3291672
2022-02-03,319.0700,319.5200,310.9800,311.8000,1556349
2022-02-02,320.3300,324.5100,320.0000,322.2900,1730449
2022-02-01,320.4400,322.0800,315.9300,321.4100,1875767
2022-01-31,310.0600,318.9000,309.5500,318.6800,2381392
2022-01-28,307.3600,314.9700,305.4200,314.9400,1898360
2022-01-27,310.7300,314.0600,307.3000,311.3500,2151559
2022-01-26,317.1000,317.7400,305.7600,308.9300,2092907
2022-01-25,310.3700,316.2200,306.3000,313.5900,1941643
2022-01-24,313.8000,316.7800,304.1300,316.1600,2877752
2022-01-21,320.7000,322.0200,315.5000,316.1200,1921810
2022-01-20,323.8200,327.6000,321.2500,321.6800,1611724
2022-01-19,325.3600,326.8200,321.8600,322.1900,1435349
2022-01-18,322.8320,323.8000,318.4600,321.1600,2202207
2022-01-14,329.1500,330.7400,325.1700,328.6300,1850732
2022-01-13,338.2800,339.9364,332.7927,333.4100,1446219
2022-01-12,338.3100,341.9200,337.1800,341.2900,1274370
2022-01-11,334.1900,336.4700,331.0000,336.4300,1571484
2022-01-10,333.4200,335.5500,330.6500,335.4300,1415632
2022-01-07,338.0200,338.1900,333.3000,336.2800,1440980
2022-01-06,344.6800,345.5000,337.7000,338.0100,1649458
2022-01-05,347.6900,352.1800,346.3200,346.4100,1654894
2022-01-04,338.9600,345.6300,338.2700,344.8100,1920004
2022-01-03,346.4200,346.5900,338.3606,338.6400,1514908
2021-12-31,343.7200,346.9700,343.6300,346.4300,816734
2021-12-30,345.2600,346.2200,343.7600,344.3300,925304
2021-12-29,344.1700,346.5000,343.9500,345.4000,802118
2021-12-28,343.3800,344.9500,342.8900,343.7900,926530
2021-12-27,341.8300,343.8700,340.6700,343.4200,1094377
2021-12-23,335.3500,340.6400,335.2200,339.1700,1151893
2021-12-22,332.1400,335.5400,331.4350,335.3500,923516
2021-12-21,330.4000,334.0100,329.5800,332.8900,1051934
2021-12-20,330.3600,330.6700,327.0100,330.3200,1621822
2021-12-17,338.1300,338.9900,333.1200,333.8300,2791435
2021-12-16,340.9000,343.3100,338.5800,340.0100,1449663
2021-12-15,336.1900,341.4100,334.6200,341.3600,1445151
2021-12-14,335.1900,336.0600,333.0200,334.5000,1631386
2021-12-13,333.6800,335.5000,331.4200,334.1900,1016810
2021-12-10,332.9700,334.8400,332.7900,334.0000,1116567
2021-12-09,331.0500,334.0000,330.5000,332.1200,1086594
2021-12-08,333.9000,334.0300,330.8400,333.1900,1370084
2021-12-07,330.6600,332.5200,329.9900,330.6500,1797521
2021-12-06,325.1600,326.4300,323.4600,325.0300,1672876
2021-12-03,325.1800,327.0000,318.2550,320.7000,2566706
2021-12-02,320.0000,324.6900,319.4000,324.0000,2183884
2021-12-01,321.7000,325.8100,318.2400,318.2900,2459518
2021-11-30,320.3600,320.7800,315.8000,318.1400,3243951
2021-11-29,321.5000,322.6500,318.6200,320.7400,1857236
2021-11-26,323.1800,324.4700,319.1400,320.5700,1318969
2021-11-24,325.3200,328.2950,324.8400,327.2500,1327409
2021-11-23,328.9800,331.4600,328.5400,330.2500,986831
2021-11-22,332.7700,334.3700,329.7400,329.7400,955475
2021-11-19,331.8200,333.2400,330.4700,332.1900,2067016
2021-11-18,331.4600,331.7600,329.1650,331.0000,1762882
2021-11-17,334.3400,334.4300,331.0700,331.4800,1304642
2021-11-16,333.9500,335.3200,332.8700,332.9700,1604336
2021-11-15,336.7300,336.7300,332.7600,334.0100,1274875
2021-11-12,337.7800,337.7800,335.5600,337.0200,1040841
2021-11-11,337.5800,337.7800,335.6400,335.6600,924857
2021-11-10,337.6700,338.6400,335.5100,336.6200,1540074
2021-11-09,339.9800,340.1600,337.5300,338.6200,1756424
2021-11-08,335.3300,337.9000,335.0600,337.5300,1448727
2021-11-05,331.4800,332.6100,330.6600,331.9900,1693199
2021-11-04,329.4000,331.6300,328.3400,331.5000,1628309
2021-11-03,329.8900,330.1600,325.3000,328.4100,1856410
2021-11-02,327.1340,328.7400,326.0200,327.5700,2012272
2021-11-01,321.4200,324.3200,320.4800,322.9700,1365156
2021-10-29,317.6400,322.7200,316.8500,319.2000,1890859
2021-10-28,316.4500,318.4500,315.6200,317.9600,1564973
2021-10-27,319.5000,321.4200,316.7600,318.9700,1535968
2021-10-26,317.8400,319.1100,316.6800,316.7700,1069820
2021-10-25,315.0700,317.7800,313.9600,316.6800,1225360
2021-10-22,313.0400,314.9900,312.8500,314.1500,1214757
2021-10-21,311.1700,311.6000,308.4100,311.3100,857043
2021-10-20,311.1500,312.0000,310.2100,311.2200,745273
2021-10-19,308.0400,310.9900,306.9700,310.6800,984768
2021-10-18,307.2800,308.5300,305.7700,307.9700,1010567
2021-10-15,308.5100,309.5400,306.5800,308.2400,1230456
2021-10-14,304.3500,309.1350,303.6400,308.7700,1126439
2021-10-13,298.7700,302.1300,297.8700,300.9900,1429973
2021-10-12,295.7200,297.0900,294.2100,295.8100,1063874
2021-10-11,295.5600,298.1800,294.7000,294.8400,748779
2021-10-08,299.6500,300.3100,295.6850,296.1900,909492
2021-10-07,297.5200,302.3800,297.4500,299.1600,1375830
2021-10-06,293.8400,296.2400,290.2700,296.0500,2050252
2021-10-05,294.8300,299.6600,294.2500,297.8300,1360033
2021-10-04,296.4800,297.9700,292.0000,294.6500,1495164
2021-10-01,295.5400,298.5400,292.5600,297.8500,1597413
2021-09-30,299.2900,300.4600,293.3000,293.3800,2085666
2021-09-29,299.6700,300.5100,298.3200,299.1400,1197745
2021-09-28,305.5400,305.6700,298.2300,299.9300,2278017
2021-09-27,310.4900,312.2900,308.4700,309.2100,1021570
2021-09-24,308.2200,311.1200,307.8100,310.2600,926192
2021-09-23,308.8700,311.8500,308.5500,310.3700,1066956
2021-09-22,306.0700,309.2876,305.6900,306.0600,1333990
2021-09-21,305.5100,306.1000,303.0500,304.9600,1216239
2021-09-20,301.8000,304.5600,299.5700,302.2100,1885205
2021-09-17,309.3500,311.2700,305.9800,309.3200,6512518
2021-09-16,314.0900,314.8800,309.9225,313.0800,1232348
2021-09-15,313.4800,315.0500,311.5600,314.5300,1418981
2021-09-14,315.6200,315.7800,310.9900,311.9400,1128586
2021-09-13,314.5620,315.5700,311.1800,313.5000,1354045
2021-09-10,313.1500,314.1900,310.1100,310.4400,971170
2021-09-09,312.9300,315.5100,312.1800,312.7000,1211232
2021-09-08,314.0500,315.8200,310.3500,311.5900,1521798
2021-09-07,316.2800,317.0300,312.7900,315.6400,1382707
2021-09-03,314.4200,316.1830,313.3400,313.4300,1150830
2021-09-02,314.4300,315.6725,313.7950,315.5700,893067
2021-09-01,313.4900,315.4900,312.1300,313.8800,1050677
2021-08-31,315.1300,315.4700,313.4700,314.5900,1492948
2021-08-30,315.5800,316.2900,314.5900,315.5500,747550
2021-08-27,313.2900,314.9900,312.3400,314.5400,1268969
2021-08-26,313.5400,313.9200,311.2200,311.3200,880053
2021-08-25,310.5400,313.5550,309.9800,312.8500,801437
2021-08-24,313.7400,314.3100,311.9000,312.4800,689440
2021-08-23,312.8800,314.3600,312.8200,312.8300,988626
2021-08-20,310.8700,314.1200,310.7200,313.8500,1165261
2021-08-19,308.2500,311.9400,307.7500,311.1700,1402537
2021-08-18,312.4200,314.3700,309.7000,309.9100,1278834
2021-08-17,311.5800,312.3100,307.7800,311.5200,1408557
2021-08-16,309.8700,311.7100,308.3200,311.3500,1267575
2021-08-13,308.1400,309.4200,307.3100,309.4000,816442
2021-08-12,308.0000,308.6800,304.7800,306.6600,784507
2021-08-11,307.3450,307.9000,303.6700,306.3000,1803128
2021-08-10,301.9600,304.7000,300.9500,301.7800,1448379
2021-08-09,306.1100,306.1800,301.7400,303.2600,910300
2021-08-06,304.9700,306.8800,303.9300,305.8700,858928
2021-08-05,307.4000,308.9900,304.4200,304.8300,1586469
2021-08-04,304.4800,307.7200,304.4800,305.6200,1476717
2021-08-03,300.6900,303.2150,300.0500,302.9200,1133017
2021-08-02,308.7300,310.1900,300.1200,300.2200,1927668
2021-07-30,302.4000,308.8000,302.0000,307.3900,2516649
2021-07-29,297.7200,300.5800,297.3300,299.4500,1292954
2021-07-28,298.0500,298.7100,296.5800,296.8600,1063510
2021-07-27,297.6500,300.6280,295.5800,298.8500,1551435
2021-07-26,299.5300,300.0300,296.8500,298.4700,1398407
2021-07-23,297.2000,299.0200,296.1800,298.8100,1102817
2021-07-22,296.6600,297.0500,294.5350,295.2200,914637
2021-07-21,291.9100,294.7200,291.5300,294.2000,1370239
2021-07-20,285.2600,291.5200,284.6300,290.3700,1973587
2021-07-19,285.2300,285.4300,282.7500,284.6700,1718120
2021-07-16,292.7700,293.1700,289.1500,290.0700,1306302
2021-07-15,289.2200,293.5000,288.9900,292.0500,1220958
2021-07-14,290.8000,292.1200,289.5000,291.0900,1106256
2021-07-13,291.9400,292.5500,288.8350,289.7200,1342975
2021-07-12,292.3500,294.6600,291.7300,292.5200,1382877
2021-07-09,290.9000,293.8200,290.0800,292.7100,1405813
2021-07-08,287.0400,287.9608,284.7100,286.9900,1587112
2021-07-07,290.2800,292.7700,289.3300,292.5300,1228639
2021-07-06,291.4500,291.9100,287.4700,288.5000,1288058
2021-07-02,290.7000,292.3500,289.5400,291.7600,1066408
2021-07-01,289.6900,290.9000,288.9600,290.8400,1434795
2021-06-30,288.2000,289.8800,287.9500,289.1000,1546798
2021-06-29,291.7600,293.1000,289.7100,290.3700,1181761
2021-06-28,288.9700,289.8600,287.2000,289.6900,1969330
2021-06-25,285.1400,286.8800,283.0000,285.1100,23411975
2021-06-24,287.3140,287.7400,284.8200,285.1300,3124343
2021-06-23,289.7300,290.3500,284.2800,284.7600,2685003
2021-06-22,290.8000,291.4900,289.3500,290.3500,2406862
2021-06-21,286.6700,288.6300,285.3800,288.3300,2282809
2021-06-18,284.1200,285.5600,281.9900,282.0200,3882375
2021-06-17,288.7400,289.4600,285.3650,287.2400,2397810
2021-06-16,294.7400,294.9800,289.3400,289.5600,2363900
2021-06-15,293.7000,293.7200,288.9500,290.9100,2011537
2021-06-14,291.0000,291.5500,287.9400,290.9100,1489425
2021-06-11,291.5800,292.6800,289.9500,291.2200,1437665
2021-06-10,292.1500,293.1100,290.2000,290.3300,1311008
2021-06-09,292.3100,294.4900,290.1700,290.4800,1720880
2021-06-08,293.4800,294.2800,291.3600,292.5000,1721833
2021-06-07,297.4200,297.9900,291.1350,291.5800,3591489
2021-06-04,299.9600,301.7400,298.5500,299.8600,1362256
2021-06-03,297.6200,298.7100,296.0500,298.3200,1608217
2021-06-02,302.3100,302.3700,299.3200,299.8800,1562797
2021-06-01,305.1700,305.7100,301.2700,302.2600,1418209
2021-05-28,302.5900,302.9900,300.0000,300.6000,1430900
2021-05-27,300.7400,301.7100,299.7700,300.7800,1710855
2021-05-26,301.1000,301.5900,297.4650,299.7700,1411614
2021-05-25,302.4100,302.6900,300.2200,301.2500,1330407
2021-05-24,301.1500,303.0700,300.5500,301.2700,1058332
2021-05-21,299.7400,302.0300,298.3400,298.5700,1923511
2021-05-20,297.5100,300.8200,297.5100,298.1300,1272984
2021-05-19,294.6800,296.4900,291.5400,296.0700,1882578
2021-05-18,301.3100,301.8100,297.8100,298.0000,1305899
2021-05-17,302.1900,303.2100,299.0000,300.8800,1143164
2021-05-14,299.5700,301.8400,298.9800,301.1700,1210564
2021-05-13,294.5800,298.7900,293.8300,297.9500,1570638
2021-05-12,294.9400,297.7700,293.2900,293.9800,1776018
2021-05-11,297.9800,300.9400,296.2950,298.6100,1634852
2021-05-10,302.1000,303.8700,301.0100,301.0100,1695726
2021-05-07,298.5000,300.9100,296.9300,298.9300,1883674
2021-05-06,294.9800,296.5000,291.5900,296.4000,2532836
2021-05-05,287.5900,292.7700,286.7400,291.6100,1763500
2021-05-04,284.2800,285.8700,281.9500,283.0000,2301778
2021-05-03,287.3400,289.5817,287.1100,288.7000,974982
2021-04-30,288.3300,288.6300,285.4000,285.8400,1932668
2021-04-29,288.3600,289.3400,285.9300,289.3400,1290407
2021-04-28,288.4300,290.5600,286.9500,287.1400,1366251
2021-04-27,288.5600,290.8500,287.6400,290.2100,1199796
2021-04-26,292.0300,292.0500,288.7700,289.5200,906285
2021-04-23,288.3700,292.4200,287.8500,291.6000,1290727
2021-04-22,290.6800,291.8100,288.1700,288.7000,930646
2021-04-21,287.6900,292.4900,287.4900,291.9700,1176379
2021-04-20,287.1500,287.8500,285.6900,285.8400,1603340
2021-04-19,289.9900,290.1300,287.0300,288.4500,1675584
2021-04-16,288.8400,290.6400,288.5200,289.9600,1304408
2021-04-15,287.0000,288.8000,286.6100,287.9700,1449157
2021-04-14,284.8400,286.5150,284.1200,285.0500,1325367
2021-04-13,285.4600,287.7900,285.1700,286.2900,1543569
2021-04-12,283.0200,286.3700,283.0200,285.4300,1479906
2021-04-09,283.7900,285.2300,281.7300,284.8000,1599146
2021-04-08,283.0700,284.1400,281.9200,282.2000,2003881
2021-04-07,283.4920,284.4200,280.4500,281.3500,3016185
2021-04-06,284.5000,285.2200,282.3700,284.1100,1616039
2021-04-05,282.5600,286.9800,282.5600,285.4000,1399980
2021-04-01,279.1300,281.4300,277.1650,280.8400,1594894
2021-03-31,278.0580,283.2500,278.0580,280.1400,2218403
2021-03-30,280.2600,280.8100,278.6950,279.2600,1364144
2021-03-29,280.1300,283.2500,277.7700,281.0000,2449552
2021-03-26,275.0000,281.8800,274.4300,281.4000,2235558
2021-03-25,269.9100,274.1475,268.7100,273.3800,1847923
2021-03-24,266.8000,271.1700,266.6800,269.7700,1482072
2021-03-23,270.1900,272.4700,266.9700,267.8800,1539918
2021-03-22,268.5200,271.6500,267.6300,270.3600,1347438
2021-03-19,268.0000,270.8900,264.1200,269.1200,3845205
2021-03-18,267.5600,270.4900,266.5500,267.9000,1941881
2021-03-17,269.6900,271.7800,268.4078,269.5500,1670429
2021-03-16,268.1000,271.7216,268.1000,270.7900,1599493
2021-03-15,265.1000,269.0100,264.6900,269.0000,1680452
2021-03-12,266.3850,268.5600,265.4100,268.5000,1139206
2021-03-11,268.8400,270.0000,267.2400,267.3700,1567322
2021-03-10,264.1200,267.0100,263.8900,265.6400,2192826
2021-03-09,261.2100,264.9000,258.0200,262.3400,2812161
2021-03-08,248.4900,256.7000,247.8200,253.6800,2450741
2021-03-05,246.2800,248.2900,241.8800,247.6400,2136274
2021-03-04,247.5000,249.6650,242.4700,245.4200,2369376
2021-03-03,250.5600,251.2097,247.4600,247.5500,1782839
2021-03-02,253.1600,256.9889,252.9962,254.0100,1671402
2021-03-01,247.4300,252.5200,247.2600,251.4900,1517682
2021-02-26,246.7800,248.2100,244.1800,244.2700,2593455
2021-02-25,252.9500,254.0400,246.9000,247.0000,2103276
2021-02-24,258.0000,259.3500,254.4850,254.6100,2155897
2021-02-23,251.5000,259.2000,250.2100,258.6400,3013603
2021-02-22,250.1000,252.0000,249.2200,251.0700,2031091
2021-02-19,249.5300,251.9700,249.1500,250.8800,1962361
2021-02-18,247.8400,251.2382,246.4750,249.9300,2169376
2021-02-17,248.8900,250.2900,247.2400,249.2800,1653143
2021-02-16,252.5500,254.5400,249.8500,250.1400,2248865
2021-02-12,252.0300,253.7100,250.8978,252.6800,1478286
2021-02-11,254.1500,255.2200,251.7900,253.1100,1204050
2021-02-10,254.1900,255.1100,251.3600,252.7200,1583644
2021-02-09,257.8900,258.0700,254.9500,255.6200,1387553
2021-02-08,259.1200,259.9800,255.6300,257.3400,1770384
2021-02-05,255.0500,259.6750,252.2100,257.3700,2806426
2021-02-04,249.9400,252.4200,247.3100,249.1800,2712425
2021-02-03,252.5200,253.4900,249.8100,250.1300,2365670
2021-02-02,250.7500,253.6400,250.2500,252.2500,1525968
2021-02-01,248.2500,251.2000,245.9400,250.4300,1629209
2021-01-29,247.5900,249.3200,244.1001,245.4000,1647317
2021-01-28,246.9700,251.1969,246.0700,249.5400,2110384
2021-01-27,250.5550,250.7600,240.8000,242.9100,2681632
2021-01-26,254.5400,257.6600,254.2500,255.8500,1544606
2021-01-25,248.5400,253.5500,246.0000,253.1200,1990807
2021-01-22,251.1900,254.5600,251.1900,251.4800,1581985
2021-01-21,257.1300,257.7400,253.0000,253.2000,1559828
2021-01-20,257.4300,260.7000,257.2900,257.4000,1773340
2021-01-19,263.0700,263.6100,258.2800,259.0400,1643118
2021-01-15,261.9100,261.9100,256.9000,258.0900,1955553
2021-01-14,267.1800,267.2800,263.5400,263.6900,1903454
2021-01-13,266.6500,268.5300,266.2100,267.7300,1518767
2021-01-12,265.0100,267.5900,263.6700,266.6200,1785166
2021-01-11,264.2400,269.0900,264.1900,267.5300,1913155
2021-01-08,272.0300,272.3800,267.9300,270.4000,1879264
2021-01-07,269.0600,273.7600,269.0000,270.7200,1757991
2021-01-06,261.4000,274.5750,261.3900,271.5000,2586650
2021-01-05,257.5600,263.2400,257.5600,262.8700,1620032
2021-01-04,266.7100,267.2900,257.3650,258.8100,1741264
2020-12-31,262.4600,263.8300,260.6100,263.5100,909292
2020-12-30,261.0000,262.4300,260.4600,261.7700,924920
2020-12-29,263.1300,263.2800,258.6300,259.4200,881119
2020-12-28,262.0300,263.4250,259.6800,260.0200,1227870
2020-12-24,254.8000,256.9800,254.7700,256.6200,276353
2020-12-23,256.1800,257.7800,254.9000,255.1000,1036725
2020-12-22,253.0000,254.6900,251.7000,253.4600,1162386
2020-12-21,250.0000,255.0250,247.5000,254.1700,1716228
2020-12-18,257.1300,258.7300,253.5100,257.6700,3525820
2020-12-17,255.8700,257.2100,255.1000,256.6300,1538687
2020-12-16,251.8000,252.1000,249.4900,250.1300,1354962
2020-12-15,249.5600,252.9900,249.3000,251.6600,1424011
2020-12-14,250.9400,251.5100,247.5700,247.6000,1814296
2020-12-11,248.3300,249.9600,247.4333,249.4000,1328935
2020-12-10,250.8600,252.4100,249.4000,250.9500,1245985
2020-12-09,250.9800,251.8300,248.4600,251.1400,1450359
2020-12-08,248.0000,250.0600,246.5750,249.2400,1397716
2020-12-07,253.4300,254.6600,249.2200,249.7800,1771321
2020-12-04,244.8100,250.6200,244.7700,250.6200,3030913
2020-12-03,252.6100,252.7300,245.7600,246.2000,2464016
2020-12-02,256.5300,257.0100,250.7500,251.0000,2060158
2020-12-01,260.7900,261.2450,257.4500,258.9000,1802182
2020-11-30,261.3300,261.5200,255.3000,256.4200,3384435
2020-11-27,258.2300,259.1300,257.2000,257.4300,1081980
2020-11-25,255.9000,256.0200,253.0400,253.3400,1172039
2020-11-24,253.4600,257.7700,252.6800,256.1600,1982093
2020-11-23,253.9500,255.2100,251.1000,252.1400,1231293
2020-11-20,253.4000,254.5300,251.4000,252.0700,1344544
2020-11-19,250.0000,253.2900,248.8100,253.0700,1205392
2020-11-18,253.0900,254.3900,250.2000,250.3000,1180131
2020-11-17,253.7900,254.6800,251.0100,252.1400,1947522
2020-11-16,258.3800,259.0800,252.8100,255.4600,1720870
2020-11-13,257.5900,258.6200,255.8100,257.0600,1196749
2020-11-12,257.0600,259.7300,254.1600,255.0700,1669732
2020-11-11,262.6000,262.8500,256.8850,259.6200,1841288
2020-11-10,262.5100,264.4900,259.7100,262.0400,1935206
2020-11-09,268.6500,269.7800,257.1900,257.6500,3184286
2020-11-06,253.5300,253.6600,249.5300,250.3200,1725132
2020-11-05,249.8000,253.3550,248.3608,249.7600,2918057
2020-11-04,233.6100,238.5000,232.0850,235.2900,2347185
2020-11-03,232.6400,235.3700,231.8500,234.0900,1595854
2020-11-02,225.1200,230.2100,224.0500,228.5800,2182574
2020-10-30,219.1300,220.9000,217.2800,220.3400,2481336
2020-10-29,215.6900,221.5900,214.1400,219.8400,2239904
2020-10-28,217.8600,220.5000,216.1400,216.9100,2297250
2020-10-27,226.4300,228.5500,225.1800,225.4700,1566736
2020-10-26,231.1400,231.4900,226.2800,227.9900,1252311
2020-10-23,236.4000,236.9300,233.7600,234.2700,1323736
2020-10-22,229.6700,234.0800,228.4600,233.2000,1466680
2020-10-21,232.4800,235.6100,230.7200,230.9100,1360263
2020-10-20,231.5000,234.1400,230.9800,233.2400,1415052
2020-10-19,233.9100,234.4200,229.4300,229.8700,1130005
2020-10-16,231.1000,234.4300,230.5600,233.0800,1836107
2020-10-15,229.0800,230.7100,228.0000,229.6000,2389188
2020-10-14,236.4900,236.6100,234.1000,234.8600,1076960
2020-10-13,238.8500,239.0900,234.8700,235.9800,1668298
2020-10-12,241.7400,242.8300,239.9400,240.2600,1453381
2020-10-09,239.1600,241.3300,238.8150,239.9400,1849793
2020-10-08,238.8700,240.3800,237.0900,237.7500,1537838
2020-10-07,234.6400,240.0050,234.3600,238.9500,1791316
2020-10-06,236.1300,237.8100,231.7800,232.0800,1988417
2020-10-05,234.4300,236.6500,234.2400,235.0900,2728284
2020-10-02,229.2700,234.9800,229.1400,232.1500,2458628
2020-10-01,236.6900,238.3650,232.0900,232.7000,2480134
2020-09-30,236.0400,240.0200,235.9200,238.1300,2121030
2020-09-29,237.7600,239.2900,236.2700,236.4300,1178588
2020-09-28,237.9100,238.9000,236.4000,237.0500,1182349
2020-09-25,229.1300,233.6700,228.4700,232.7500,2227321
2020-09-24,233.4100,235.4800,231.7000,234.5000,1391154
2020-09-23,238.1300,238.3700,232.8700,233.1500,1753517
2020-09-22,237.8400,238.6750,236.1700,238.2300,2209154
2020-09-21,239.2900,240.6100,234.8700,238.4400,2180414
2020-09-18,249.3200,250.6100,245.2500,246.1000,2460215
2020-09-17,246.9500,250.5300,245.9000,250.3900,1506477
2020-09-16,250.3000,251.8850,248.4400,248.8400,1635035
2020-09-15,252.1000,254.2650,250.7100,250.7300,1401163
2020-09-14,251.7600,253.6400,250.5800,251.2500,1525089
2020-09-11,249.9000,251.4300,248.7100,250.1700,1382408
2020-09-10,253.3200,254.6100,247.0000,247.2900,1095447
2020-09-09,245.8500,253.5800,245.8500,251.1500,1854851
2020-09-08,243.6400,245.9500,241.8900,243.0500,1849285
2020-09-04,251.1000,251.9600,243.4900,247.7000,2924711
2020-09-03,259.1200,259.1400,247.3623,250.4500,3305162
2020-09-02,257.4400,260.4900,255.6600,260.2300,2913137
2020-09-01,249.9700,257.0500,248.5500,256.9400,2286051
2020-08-31,251.6600,253.2550,249.1700,249.7400,2297848
2020-08-28,251.5100,254.0800,250.7500,253.5700,959944
2020-08-27,253.7600,254.0100,250.1400,250.9300,1084045
2020-08-26,249.7100,254.2500,249.0400,252.8800,844963
2020-08-25,250.4400,251.3800,249.2600,250.0800,1064450
2020-08-24,250.7800,250.8800,248.6300,248.9100,1363156
2020-08-21,240.4400,244.9300,240.2400,244.3000,1781117
2020-08-20,244.3300,245.7000,243.7900,245.3100,1905404
2020-08-19,248.2700,249.3200,246.6000,247.2400,1626084
2020-08-18,249.7400,250.2500,246.0100,246.8800,1013374
2020-08-17,249.6400,250.5800,247.4900,248.4300,962461
2020-08-14,247.8900,249.5500,247.3850,248.5000,979275
2020-08-13,247.2100,249.9200,247.2100,249.2400,1147657
2020-08-12,247.9100,251.0000,247.3600,248.6300,1323336
2020-08-11,247.5800,248.2400,244.4900,244.8500,1506541
2020-08-10,242.8900,243.9900,241.7000,243.3400,1159053
2020-08-07,244.7800,245.6700,243.6900,245.3100,1750144
2020-08-06,247.4700,248.0000,244.6665,246.6600,1938788
2020-08-05,247.5000,251.3575,246.7600,248.2700,2169198
2020-08-04,242.4500,245.5000,242.0300,243.8500,2435529
2020-08-03,247.6000,248.1100,244.0900,244.3100,2577723
2020-07-31,246.8400,247.1000,241.4500,245.1100,2755384
2020-07-30,240.7500,242.9800,237.0500,242.0200,1855498
2020-07-29,244.7100,245.6200,243.6400,244.7100,1968067
2020-07-28,247.1100,247.5900,243.5800,243.7000,1677387
2020-07-27,246.0500,248.8750,245.2450,246.8600,1469155
2020-07-24,242.9900,244.8600,242.5300,244.0700,1304378
2020-07-23,245.5400,248.2500,244.6000,245.9800,1068908
2020-07-22,244.5500,246.3500,242.3600,245.3400,1390578
2020-07-21,243.7000,245.9900,243.0100,244.0000,1686879
2020-07-20,242.5600,243.8800,239.8400,240.3200,1966455
2020-07-17,241.3200,243.6700,240.9800,242.6000,1900940
2020-07-16,245.1700,245.5200,237.4700,238.8900,3295691
2020-07-15,240.7300,241.1800,235.6000,237.6300,2616114
2020-07-14,225.7300,233.8900,225.4900,233.1300,2554829
2020-07-13,227.9200,230.8900,225.7800,225.8200,1498000
2020-07-10,224.2100,226.5900,223.1100,225.9500,1448283
2020-07-09,225.6600,226.3300,220.2700,221.9500,2312408
2020-07-08,226.3100,227.4900,218.6400,221.5200,3063612
2020-07-07,222.7400,225.8800,222.3800,224.5300,2171644
2020-07-06,225.0000,225.5900,221.6200,224.6500,2860650
2020-07-02,218.5200,222.0300,218.5200,221.2600,2837761
2020-07-01,211.5500,215.6500,210.7300,214.7700,2127115
2020-06-30,209.6400,213.5700,209.4500,212.1100,1697400
2020-06-29,209.9200,212.2300,208.2100,211.2800,1406077
2020-06-26,208.8600,209.1100,204.5900,206.8200,2794645
2020-06-25,205.7000,209.3900,204.0200,209.1400,1163272
2020-06-24,208.9900,210.1600,204.8000,206.0700,2068460
2020-06-23,214.8400,215.2000,212.2400,212.3700,2044290
2020-06-22,208.8100,210.7000,207.7300,209.9700,1510764
2020-06-19,211.7200,211.7500,205.2700,208.0500,4634976
2020-06-18,208.9700,210.2000,207.0000,208.1600,1563768
2020-06-17,210.0800,210.2800,206.8400,207.4800,1577362
2020-06-16,208.1200,209.6800,204.6300,208.2800,1878116
2020-06-15,198.3300,204.5100,197.2600,203.2400,2142055
2020-06-12,204.5900,204.8800,198.3100,201.9400,1711890
2020-06-11,209.3700,209.9000,198.6900,199.1100,2924958
2020-06-10,216.5300,216.5800,211.9800,213.3600,1748178
2020-06-09,215.3300,217.6500,213.7100,214.2300,2499401
2020-06-08,220.5400,221.9900,214.8100,216.4300,2970417
2020-06-05,220.0300,224.3200,219.4700,221.2800,3525600
2020-06-04,213.3100,214.2500,210.6600,212.5600,1951502
2020-06-03,211.0000,213.6500,208.9200,212.8900,2155288
2020-06-02,205.0300,207.0600,204.4400,206.2600,1675139
2020-06-01,202.4900,205.9200,202.2500,205.2200,1658267
2020-05-29,201.5400,203.1200,198.9800,202.3400,2354678
2020-05-28,197.8900,201.9300,196.7300,200.0400,1740236
2020-05-27,194.7000,194.7500,191.5100,193.1300,1603387
2020-05-26,194.0000,195.0000,192.3100,193.0000,2214285
2020-05-22,192.4200,192.7100,190.3500,190.8700,1675961
2020-05-21,195.3800,195.8200,192.5100,193.6700,1891572
2020-05-20,192.8000,197.3400,192.6600,195.9900,2300438
2020-05-19,191.4500,192.2500,189.8600,190.2500,1774436
2020-05-18,187.9100,193.6800,187.6800,192.2500,2105201
2020-05-15,178.0100,182.7000,177.9200,182.5900,2829439
2020-05-14,173.8000,179.3600,172.7600,179.2500,2442366
2020-05-13,182.6300,182.7000,177.7100,178.7800,1857261
2020-05-12,185.0400,186.4900,182.9900,183.0900,1741110
2020-05-11,184.5700,187.3800,184.4500,186.8600,1894671
2020-05-08,184.9100,188.4100,184.7500,188.4100,1843094
2020-05-07,178.0300,185.9000,177.4500,184.7900,2295086
2020-05-06,182.4100,182.9800,178.8000,178.9500,1335027
2020-05-05,183.0000,185.0500,181.8600,182.0100,1171908
2020-05-04,179.4800,183.2200,178.6100,182.6600,1827986
2020-05-01,184.2500,185.1000,179.7800,180.3300,1169238
2020-04-30,185.3800,186.1900,183.1400,183.9900,2104417
2020-04-29,188.0100,190.2000,187.6700,188.6900,1282302
2020-04-28,187.9600,188.1100,185.4800,186.8800,1896699
2020-04-27,182.6400,185.6200,181.9400,184.5800,1542004
2020-04-24,182.0400,182.7600,178.8500,181.4700,1187658
2020-04-23,180.7300,185.2200,180.3500,181.3000,1249879
2020-04-22,180.8800,182.8900,180.0200,181.6000,1376381
2020-04-21,181.6700,182.6700,176.6000,178.8800,2010014
2020-04-20,184.8700,189.6000,184.4100,185.0000,1597620
2020-04-17,187.8200,188.9000,185.9700,188.5500,2634373
2020-04-16,181.7900,183.7000,178.8800,183.1300,1806724
2020-04-15,182.1500,183.4500,179.3200,181.1500,2025477
2020-04-14,188.7500,190.9100,187.7300,189.8400,2372791
2020-04-13,186.4500,188.5300,183.7600,186.1100,2087741
2020-04-09,183.3100,190.0500,183.2500,189.4800,3206758
2020-04-08,180.5900,187.4300,178.7500,186.9400,2495445
2020-04-07,181.5400,185.4500,178.6400,179.9400,3097612
2020-04-06,169.6100,177.0500,169.5200,175.9200,3603962
2020-04-03,163.2500,165.7500,161.2600,162.1300,2665745
2020-04-02,160.1500,166.7400,159.4100,164.0900,3369845
2020-04-01,165.6200,168.5100,160.2200,160.8700,3822029
2020-03-31,172.7000,177.2500,170.6100,173.0000,3142295
2020-03-30,172.2600,177.2900,170.8400,176.8000,2480547
2020-03-27,167.3300,171.0600,166.2100,167.3400,2301588
2020-03-26,169.2700,175.0000,168.6900,174.1900,2725978
2020-03-25,163.0700,175.4600,161.3400,165.3000,3258379
2020-03-24,159.2900,166.8400,157.0000,164.8100,3423122
2020-03-23,149.7800,155.3600,146.8000,150.0000,4434035
2020-03-20,154.1000,157.9400,148.0500,151.3000,4687222
2020-03-19,151.4700,158.8100,148.8100,154.0100,4296002
2020-03-18,153.3900,160.1600,149.6400,157.5100,4723882
2020-03-17,156.7600,165.6400,155.6600,163.8800,4956576
2020-03-16,148.7200,163.6400,146.7100,158.3500,7078397
2020-03-13,173.3800,177.1500,161.3500,176.5000,6386889
2020-03-12,163.4000,169.9500,157.0000,158.0200,6154655
2020-03-11,173.4600,176.6600,172.5400,173.9200,4315255
2020-03-10,176.4800,177.4200,167.5200,176.2100,5604105
2020-03-09,175.0600,180.3800,172.3200,173.1300,4822719
2020-03-06,192.1300,192.6600,185.7600,189.2000,4466755
2020-03-05,197.7400,199.4800,195.0700,196.5100,3204347
2020-03-04,198.4000,205.7500,197.3700,205.5300,2755568
2020-03-03,198.0200,201.8400,192.3400,195.3900,4063276
2020-03-02,191.3000,198.3000,189.4100,198.1500,3489615
2020-02-28,190.8100,192.8300,185.9500,191.0100,5555304
2020-02-27,199.8700,203.3700,194.9000,194.9500,3685484
2020-02-26,203.3000,206.9200,202.5800,203.4100,2711168
2020-02-25,209.1800,209.7000,200.8500,201.6500,2743145
2020-02-24,211.1500,212.3200,209.6000,210.5500,2020406
2020-02-21,219.9900,220.3000,218.2400,218.3400,1660085
2020-02-20,220.4500,222.3600,218.0300,221.2000,1534661
2020-02-19,223.0200,223.5500,221.8700,222.4800,1590105
2020-02-18,224.0400,224.5900,222.8700,223.5500,1524665
2020-02-14,221.6400,223.1000,221.2200,222.6400,1280266
2020-02-13,222.3000,227.8500,221.1400,221.2600,2231849
2020-02-12,217.1200,217.4200,215.5100,217.2000,1237957
2020-02-11,217.5800,218.8400,215.9800,216.2200,1385518
2020-02-10,214.8900,215.7300,214.1200,215.4400,1434873
2020-02-07,214.7800,215.6900,212.7300,214.1600,995283
2020-02-06,216.7900,217.4200,215.0700,216.7500,2234119
2020-02-05,217.1200,217.1200,213.2600,216.7400,2970077
2020-02-04,210.8100,214.8500,210.6200,213.5000,2369442
2020-02-03,203.7700,210.0500,203.5800,209.4400,2911531
2020-01-31,205.6300,206.3400,202.9700,203.1300,1909667
2020-01-30,206.4700,208.5700,205.4600,208.2300,1381321
2020-01-29,208.1300,209.4400,207.6600,208.2300,982718
2020-01-28,205.4300,208.9300,205.1800,207.8800,1229441
2020-01-27,205.2200,206.3000,204.0900,204.8800,1947799
2020-01-24,210.0000,212.3000,208.8200,209.9900,1541574
2020-01-23,208.4200,209.6500,207.5200,209.6200,1400735
2020-01-22,211.2000,211.9500,210.4500,211.0800,966943
2020-01-21,211.7000,212.7400,211.1800,211.7300,1384531
2020-01-17,213.1900,214.4200,212.8400,214.1000,1903666
2020-01-16,212.8800,213.0700,211.7800,213.0600,1302600
2020-01-15,210.9900,212.0800,210.3500,211.4400,1078220
2020-01-14,211.2700,212.1200,209.1400,209.9600,2107343
2020-01-13,209.7900,211.9300,209.3300,211.8000,1225710
2020-01-10,210.7400,211.8300,208.9300,209.0800,1217575
2020-01-09,208.0800,209.7400,207.8100,208.8500,1086061
2020-01-08,205.2700,208.1900,205.1000,207.3900,1327341
2020-01-07,204.8100,206.7500,204.2500,204.8300,2591055
2020-01-06,204.6000,206.3500,204.1900,204.3900,2395327
2020-01-03,207.4000,209.0500,205.1700,205.2600,2899274
2020-01-02,213.5800,214.4500,210.4600,210.7400,2604065
2019-12-31,211.7400,212.9200,211.2600,212.9000,1040027
2019-12-30,212.8100,212.9000,211.2700,211.4900,807517
2019-12-27,214.1500,214.2600,212.0900,212.2600,825467
2019-12-26,211.7000,212.7500,211.1000,212.7500,481035
2019-12-24,211.5700,212.4100,210.6700,211.6200,399895
2019-12-23,212.0800,212.3100,211.1000,211.7700,967356
2019-12-20,213.1300,213.9400,211.0200,212.1100,3034144
2019-12-19,207.9400,209.4500,207.6600,209.4000,1205193
2019-12-18,209.3200,209.3300,206.9400,208.3300,1427284
2019-12-17,210.3800,210.5200,208.7100,209.6600,1432967
2019-12-16,211.1000,211.1700,209.8200,210.0200,1797239
2019-12-13,211.1100,211.6400,208.3800,209.0500,1527875
2019-12-12,207.0900,210.2500,206.8700,209.9200,1333023
2019-12-11,205.4500,206.3600,204.8900,205.6400,1158227
2019-12-10,204.7000,205.7400,203.8300,203.9500,1135921
2019-12-09,206.8600,207.0000,204.7800,205.3300,1038312
2019-12-06,205.6000,205.9900,204.6000,205.5300,921807
2019-12-05,203.1700,204.0600,202.2500,203.7500,868705
2019-12-04,204.3000,205.0200,202.6700,202.7500,1384524
2019-12-03,200.6100,202.5600,199.6100,202.0400,1233000
2019-12-02,202.8500,203.5800,199.8300,200.6300,1732320
2019-11-29,205.3900,206.8200,205.1600,206.2100,847557
2019-11-27,203.9600,206.1100,203.8100,206.0000,1074031
2019-11-26,205.1100,205.9800,204.6400,205.1400,1573884
2019-11-25,204.7400,205.9600,204.2400,205.9400,1422734
2019-11-22,205.4100,206.0900,204.6600,204.9100,941241
2019-11-21,207.2300,207.8100,206.0300,206.2600,1378832
2019-11-20,207.0200,207.7000,205.5600,206.1800,1238023
2019-11-19,210.2000,210.5000,207.4300,207.4300,1464421
2019-11-18,208.3900,209.9600,207.4800,209.1100,1116126
2019-11-15,210.0000,210.3300,208.3300,209.7100,1805063
2019-11-14,207.0900,208.9700,206.7400,208.6400,1003439
2019-11-13,207.2000,208.6900,206.7500,207.8200,1389337
2019-11-12,205.2300,207.7100,204.1800,205.7600,1684219
2019-11-11,202.7700,203.3200,201.5800,202.2900,881660
2019-11-08,203.6000,204.4500,202.3100,203.0000,966331
2019-11-07,201.6400,202.7200,201.0400,202.6000,1099122
2019-11-06,201.1100,201.6000,200.1100,201.1200,1084776
2019-11-05,200.9400,201.4800,198.9500,200.3100,1147409
2019-11-04,201.2500,201.4900,200.1200,200.7600,1101703
2019-11-01,198.8800,200.0500,198.3800,198.8000,816807
2019-10-31,199.1800,199.2500,196.9500,198.3500,1306984
2019-10-30,197.8700,199.5600,196.3000,199.1900,1111100
2019-10-29,197.7700,201.3100,197.1100,199.1100,1083336
2019-10-28,196.3100,196.8900,195.6800,196.7700,1217181
2019-10-25,194.3900,195.4500,194.0400,195.0000,1026369
2019-10-24,194.3100,194.6400,192.6900,192.9900,997825
2019-10-23,193.7600,194.8700,193.1700,193.7000,1228378
2019-10-22,193.0800,193.6800,191.4000,191.4700,1434090
2019-10-21,195.9400,196.0500,194.3300,194.9700,931156
2019-10-18,196.8800,197.2400,194.9400,195.7900,1030107
2019-10-17,197.7600,198.9800,196.5500,196.6400,960666
2019-10-16,197.8000,198.1800,196.1400,196.8500,1579875
2019-10-15,195.7900,198.0300,194.8900,195.1800,1520741
2019-10-14,194.3000,195.3100,192.4600,192.5300,1215606
2019-10-11,192.6800,196.5400,192.3500,194.2500,1610302
2019-10-10,190.2300,192.0600,188.6000,191.2300,1505551
2019-10-09,186.1100,188.0400,185.6800,187.3900,1267365
2019-10-08,187.4400,187.4500,183.7000,184.1100,1527730
2019-10-07,186.0000,190.3400,185.8300,188.5800,2744703
2019-10-04,185.6600,187.3800,184.2200,186.1800,1503011
2019-10-03,183.8600,184.9800,182.2800,184.6400,957329
2019-10-02,185.9300,186.0000,182.0600,184.1100,1997609
2019-10-01,193.9300,194.0200,188.4500,188.5500,1128265
2019-09-30,192.5200,194.2400,192.1800,193.7200,1030923
2019-09-27,192.1600,192.7500,190.5800,191.5500,876389
2019-09-26,193.0400,193.2100,191.4800,192.3000,1345746
2019-09-25,190.6400,192.8700,190.3300,192.2500,852623
2019-09-24,193.1700,193.8400,190.8500,191.5200,1541406
2019-09-23,192.6500,194.0000,192.5500,193.5200,861299
2019-09-20,195.4900,196.2500,193.1000,194.1100,2488382
2019-09-19,195.6900,196.1200,193.9200,194.2400,1603853
2019-09-18,193.4500,193.6700,191.0000,192.6600,1694917
2019-09-17,190.3400,193.2000,189.7500,192.2400,1190187
2019-09-16,191.6000,191.8000,187.7500,188.5200,1263889
2019-09-13,192.4900,193.7100,191.9800,192.1600,1717117
2019-09-12,190.6500,192.6200,189.3200,191.5700,1640130
2019-09-11,185.6700,187.7300,185.1100,187.6100,1291881
2019-09-10,184.1100,185.7200,183.2600,185.7200,1788948
2019-09-09,188.1000,188.4400,185.0300,185.2100,2862297
2019-09-06,188.5200,190.3000,187.9700,189.5200,1066662
2019-09-05,188.7000,189.5000,187.1000,187.1000,1911246
2019-09-04,188.0400,188.9000,186.5100,187.5600,1212594
2019-09-03,187.2700,188.1400,186.2000,187.2300,1372419
2019-08-30,188.5000,189.2400,187.4100,188.9100,1696721
2019-08-29,188.1400,188.4400,187.0700,187.6600,1458894
2019-08-28,184.6900,185.9300,183.8600,184.9700,1152951
2019-08-27,186.1000,186.4000,184.3700,184.7400,1477455
2019-08-26,185.2500,185.4400,183.8300,184.9200,1292966
2019-08-23,185.6400,187.3600,181.6000,184.2600,2207654
2019-08-22,188.5500,189.0000,186.6100,187.1300,1446715
2019-08-21,189.3100,189.9500,188.6100,188.7400,1074679
2019-08-20,188.2300,189.0000,186.3000,187.6900,1364179
2019-08-19,189.2400,190.3300,188.3100,189.1100,1232072
2019-08-16,186.6800,189.1300,186.5600,188.7900,1198890
2019-08-15,185.7100,187.4900,185.0700,186.6400,1508294
2019-08-14,188.8000,190.3200,185.4900,185.6400,2441062
2019-08-13,192.1300,195.6100,191.5000,192.9000,1800922
2019-08-12,193.0200,194.6400,192.0100,192.2000,2032594
2019-08-09,189.9300,192.8000,189.7200,191.9700,1600161
2019-08-08,190.4800,193.4300,190.0000,192.6100,1927090
2019-08-07,187.0500,191.4100,186.6200,190.7800,2078890
2019-08-06,190.3000,190.3300,185.9000,188.7600,2351990
2019-08-05,190.0000,193.0900,189.2200,190.6300,3074765
2019-08-02,188.7800,189.0500,185.8300,187.7100,2556860
2019-08-01,189.6100,193.5000,189.1600,190.4200,3762847
2019-07-31,195.9100,196.1900,188.9900,191.2800,4160865
2019-07-30,195.8100,197.7900,195.7500,196.5000,2466350
2019-07-29,199.7700,200.2100,199.2500,199.7700,1468231
2019-07-26,199.4300,201.1500,199.3200,200.9600,1191197
2019-07-25,200.3900,200.6800,196.5300,199.8900,2084879
2019-07-24,204.0600,204.1900,202.2000,202.7500,1102806
2019-07-23,204.8300,206.8200,204.1900,206.8200,1064783
2019-07-22,204.5900,204.9900,203.1700,203.5800,653431
2019-07-19,202.9900,204.6100,202.6300,203.3800,1228262
2019-07-18,202.8000,203.6800,201.8200,203.6400,1067525
2019-07-17,203.5400,203.8500,201.7600,201.8200,986683
2019-07-16,204.1300,205.5500,202.4500,202.5900,1073702
2019-07-15,204.1900,205.1000,203.7100,204.0700,869036
2019-07-12,203.7600,204.7200,202.9800,203.9800,1027566
2019-07-11,201.4400,203.0600,201.0300,202.8100,1225227
2019-07-10,202.0800,202.6500,201.4600,201.7700,1062039
2019-07-09,202.4200,202.6100,200.7100,200.9700,1160663
2019-07-08,201.0500,203.6400,200.8800,201.6700,1277094
2019-07-05,201.1000,203.1700,200.1000,202.4300,1741333
2019-07-03,202.0000,203.6100,201.7100,203.6100,939491
2019-07-02,202.0100,203.9700,201.5300,203.5400,1722409
2019-07-01,203.0200,203.1900,201.5100,203.0000,1114025
2019-06-28,199.6000,201.7200,199.1200,200.8000,6440582
2019-06-27,198.7000,199.9500,198.4600,199.5300,1532079
2019-06-26,202.0500,202.3100,200.5600,200.6000,1369874
2019-06-25,204.3200,204.3200,202.7100,202.8000,1118787
2019-06-24,202.4900,203.8700,202.0300,203.3800,1092531
2019-06-21,202.6400,202.9900,202.0300,202.1300,3770274
2019-06-20,203.6500,203.7100,201.5000,202.3400,1703288
2019-06-19,202.2400,202.4700,199.1400,200.5900,1944654
2019-06-18,204.1800,204.7600,202.7100,204.0200,2006919
2019-06-17,202.9300,203.6100,201.0400,201.2600,1757215
2019-06-14,202.6600,203.2300,201.4300,202.7100,1524027
2019-06-13,203.4800,203.8900,201.6400,202.7400,2855124
2019-06-12,201.5800,202.2800,200.9700,201.6900,1956258
2019-06-11,201.2000,201.8200,199.7200,200.7900,1719957
2019-06-10,200.1200,202.0000,198.2300,200.4200,1197433
2019-06-07,200.1500,201.1100,197.6300,200.0500,3613301
2019-06-06,194.3100,198.0600,193.6900,197.3500,3468187
2019-06-05,191.3500,192.8000,190.4900,192.7500,3708880
2019-06-04,187.8100,191.3500,185.6800,191.3500,3115226
2019-06-03,181.4700,187.4100,181.2000,187.2800,2882627
2019-05-31,180.3000,181.4100,179.8700,180.5500,1757167
2019-05-30,182.9200,184.2100,182.7700,183.4100,1041985
2019-05-29,181.4600,183.1300,181.2100,183.0100,1405355
2019-05-28,186.9400,187.7800,183.7300,184.3100,1483132
2019-05-24,187.3700,188.1500,185.8500,187.8600,1025332
2019-05-23,185.8900,187.0400,184.4700,185.0800,1318529
2019-05-22,187.8700,189.7200,187.1800,188.2400,1334825
2019-05-21,186.7600,187.4400,186.1500,187.2700,1051501
2019-05-20,186.0000,187.1700,184.6500,185.2600,1383737
2019-05-17,188.1900,189.4500,186.8900,189.0000,1737946
2019-05-16,185.0900,188.9700,184.5000,187.6500,1866604
2019-05-15,178.5700,182.3700,178.3200,180.8600,1184242
2019-05-14,180.3100,182.3600,179.7800,180.9200,2029268
2019-05-13,179.7400,181.0100,177.8200,180.6800,2328483
2019-05-10,174.6300,182.2200,174.2700,181.5900,2511834
2019-05-09,173.2000,174.7100,171.6000,173.3500,1999513
2019-05-08,174.4300,177.5300,174.2400,176.5400,1264624
2019-05-07,176.5800,176.8700,172.9100,174.5700,2049602
2019-05-06,177.8300,179.3300,177.8100,178.6300,1406991
2019-05-03,179.6800,181.4700,179.2400,180.9600,1248855
2019-05-02,177.9300,180.4900,177.2700,180.4900,1690968
2019-05-01,179.8900,181.2000,178.0100,178.2900,1018290
2019-04-30,177.8700,180.5600,177.3900,180.2600,1404200
2019-04-29,176.7900,178.2600,176.4900,177.1000,1195401
2019-04-26,175.4400,178.2600,175.3700,178.2600,1483885
2019-04-25,176.2200,176.7500,174.9200,176.2800,2229909
2019-04-24,179.0100,179.5100,177.5100,177.6200,1780230
2019-04-23,178.6500,179.7200,178.5500,179.3300,1796474
2019-04-22,179.8500,180.8000,178.8300,178.9000,1002056
2019-04-18,180.1200,180.7900,179.6700,180.4000,1547307
2019-04-17,180.6400,181.8600,179.4000,179.9100,1663290
2019-04-16,180.0800,180.6800,178.8000,180.6200,1749653
2019-04-15,180.1400,180.4300,179.1400,180.1400,1448029
2019-04-12,180.8000,181.1300,180.1400,180.3500,1914482
2019-04-11,181.6800,181.8100,179.7700,179.8500,1916444
2019-04-10,183.3900,183.5900,179.8200,181.0200,2443656
2019-04-09,185.0500,185.0500,182.7500,182.9000,1388180
2019-04-08,185.9000,185.9200,184.1500,184.8400,1138462
2019-04-05,184.5900,185.4300,183.9800,184.6200,1403446
2019-04-04,183.5700,184.0400,182.4200,183.9000,1471382
2019-04-03,181.1500,184.5300,180.6300,182.7400,2379572
2019-04-02,177.3300,178.1800,176.6900,178.0200,1179741
2019-04-01,176.8400,178.1800,176.0000,176.5800,1791905
2019-03-29,175.3500,176.1000,173.8800,175.9300,2158060
2019-03-28,170.9600,173.8500,170.7300,173.7000,1892495
2019-03-27,169.4600,170.0500,168.6900,169.4800,1821420
2019-03-26,170.8900,171.3000,169.6900,170.9800,1408088
2019-03-25,170.9700,171.9200,169.5600,170.0000,1349670
2019-03-22,172.1000,172.7600,169.1900,169.8600,1383973
2019-03-21,174.3400,175.8300,173.7000,175.1000,1146267
2019-03-20,175.3500,176.8700,174.3600,176.6300,1536410
2019-03-19,175.3500,175.7900,172.6200,173.5800,1251550
2019-03-18,174.7500,174.9500,173.4300,174.5500,1220440
2019-03-15,176.2800,176.9600,174.4300,176.4300,3661441
2019-03-14,174.2500,174.4400,173.1700,174.2100,1033242
2019-03-13,174.0100,175.5100,173.6400,174.3900,1538460
2019-03-12,171.7800,172.9000,171.3900,172.3200,1309211
2019-03-11,169.4800,171.3100,169.4200,171.2800,1188763
2019-03-08,168.7500,169.5200,167.7600,169.4600,1558439
2019-03-07,169.3600,169.3600,166.8200,167.4700,1450135
2019-03-06,168.8400,169.6800,168.2100,169.1300,986917
2019-03-05,168.3500,169.9400,168.3500,168.4400,1205906
2019-03-04,168.3500,168.9100,166.0700,168.7000,1738053
2019-03-01,176.3600,176.7300,167.8600,168.3800,3033462
2019-02-28,174.8100,174.9300,173.1000,173.2400,1698289
2019-02-27,173.4000,175.1200,172.6300,174.5000,1451801
2019-02-26,173.7900,174.8900,173.4500,173.9100,1739158
2019-02-25,173.8900,175.0100,173.3900,174.6200,1526810
2019-02-22,172.2400,173.7400,171.5500,173.5000,1075724
2019-02-21,170.9800,172.3000,170.5400,171.4000,1736555
2019-02-20,167.5900,171.0100,167.5900,170.3000,2574751
2019-02-19,168.0000,168.7800,167.5600,167.8600,2221223
2019-02-15,170.5400,170.7100,167.7700,168.5400,2573604
2019-02-14,166.6500,167.6000,165.9300,166.5000,1104141
2019-02-13,167.0900,168.4900,166.7900,167.3800,1599349
2019-02-12,164.1300,167.5500,163.8900,167.5300,1772008
2019-02-11,161.0600,161.6200,160.6300,161.3500,1128408
2019-02-08,160.0700,161.6100,159.0800,161.2200,1557942
2019-02-07,161.7500,162.2400,159.4300,160.6900,1360964
2019-02-06,163.9500,164.6200,163.0400,163.4200,1124785
2019-02-05,165.2600,165.9900,163.8000,164.9900,2358571
2019-02-04,165.4800,165.6900,163.2200,163.5000,2106508
2019-02-01,163.9100,165.9000,163.4600,165.7600,1324345
2019-01-31,161.1800,163.4200,159.6300,163.0100,1645906
2019-01-30,161.7900,163.7500,161.1600,162.9200,1113641
2019-01-29,159.5700,162.0000,159.3500,161.2200,1558358
2019-01-28,157.7800,158.3900,156.8800,158.2100,1422480
2019-01-25,158.6900,160.1100,158.6400,158.8400,1242664
2019-01-24,157.6100,157.9100,156.4300,157.3700,2528024
2019-01-23,160.5700,161.0900,157.4600,158.9300,1569547
2019-01-22,161.6100,161.7800,159.6900,160.8400,1699074
2019-01-18,158.7600,161.4500,158.0100,160.7900,2494756
2019-01-17,156.4000,157.6500,156.2100,157.2600,2176501
2019-01-16,157.5300,158.4200,157.0800,157.2400,1382133
2019-01-15,156.8400,157.8700,156.5400,157.2300,2110706
2019-01-14,158.3700,159.5000,157.7000,158.0200,2004827
2019-01-11,160.5600,160.7600,159.3700,160.2100,1380391
2019-01-10,158.7000,161.9800,158.3500,161.8500,2093890
2019-01-09,156.7300,159.5300,156.3300,158.4600,2099888
2019-01-08,156.0900,158.5600,155.2000,158.1500,2207298
2019-01-07,155.7800,158.0400,155.1500,156.4900,1830185
2019-01-04,153.8300,157.6200,153.3600,156.6300,1801275
2019-01-03,154.0600,154.3500,151.9300,152.2900,1775529
2019-01-02,153.5300,158.1600,153.5200,157.2000,1716443
2018-12-31,156.2300,157.0000,153.9400,156.0400,1853930
2018-12-28,157.1000,158.5600,155.0400,156.3100,1586143
2018-12-27,152.0500,156.4100,150.6000,156.4100,2866950
2018-12-26,148.7500,152.7700,145.9500,152.7400,2591492
2018-12-24,152.7000,153.4100,148.1300,148.1300,2086789
2018-12-21,156.0100,157.4800,153.0300,153.1100,5452061
2018-12-20,154.4800,156.4000,152.4400,154.0500,3398929
2018-12-19,157.4000,158.5000,155.2100,155.8300,2618675
2018-12-18,158.4200,158.8900,156.6300,157.6100,2147003
2018-12-17,157.1900,159.4400,155.5900,157.3300,3148643
2018-12-14,157.3800,158.4700,156.0500,156.9300,2360754
2018-12-13,160.4000,161.3000,157.3000,158.0900,2456699
2018-12-12,161.6500,162.1400,159.4600,160.5500,2402588
2018-12-11,161.1600,162.4600,156.6500,157.4600,2552869
2018-12-10,156.0300,157.5400,154.1100,156.9100,2540418
2018-12-07,156.2200,158.5200,152.3600,152.7200,2518766
2018-12-06,158.5300,159.0200,153.0000,155.9800,4785369
2018-12-04,163.9500,164.2900,160.4500,160.8300,2746072
2018-12-03,162.3000,164.4200,159.9200,164.3500,3177158
2018-11-30,157.0200,160.6100,156.9400,159.0500,3944199
2018-11-29,155.5100,159.8400,155.3500,159.3100,2901283
2018-11-28,153.5300,156.4800,151.7000,156.2900,1808830
2018-11-27,155.6600,156.6500,151.5200,152.5500,2525894
2018-11-26,157.0400,158.2200,156.8800,157.3200,2678195
2018-11-23,156.8600,158.0100,156.0200,156.1900,963558
2018-11-21,159.2400,161.2400,158.5500,159.0600,2070941
2018-11-20,157.4900,160.1900,157.2400,157.8700,2151626
2018-11-19,158.6100,161.4500,158.4400,159.5000,2464717
2018-11-16,153.7400,158.4600,153.4000,158.0800,2726823
2018-11-15,156.0900,156.3000,152.5600,155.1800,2759391
2018-11-14,158.1900,158.2400,153.0000,153.3600,2338763
2018-11-13,160.2200,160.3300,156.5300,156.9300,2507084
2018-11-12,160.0600,162.3000,158.9100,159.2200,1990839
2018-11-09,162.9900,163.9400,160.5500,161.5200,3249146
2018-11-08,164.5000,166.1500,162.9300,165.3000,4010008
2018-11-07,164.5400,166.8500,164.2300,166.8500,7626295
2018-11-06,161.8300,166.3500,161.6700,165.5300,2510572
2018-11-05,157.6500,162.1900,157.4500,161.9900,4477443
2018-11-02,160.6600,161.8100,155.4400,159.8400,6835139
2018-11-01,164.6600,165.4800,161.9400,162.0000,11423528
2018-10-31,161.7400,165.6000,161.3100,165.4700,18032219
2018-10-30,166.1100,167.6700,162.7400,164.5000,57375600
2018-10-29,166.2200,169.1600,164.5900,165.4900,14032500
2018-10-26,163.7100,167.1100,163.4400,164.9400,35352000
2018-10-25,162.7600,166.3600,162.4300,165.0000,5105400
2018-10-24,161.7400,164.0000,160.7800,161.2300,5610900
2018-10-23,164.8400,165.9400,161.6000,164.1700,4959200
2018-10-22,165.2300,168.9500,160.5200,166.8800,7591100
2018-10-19,161.4600,163.0600,159.2900,159.8500,3012000
2018-10-18,167.0800,167.5200,159.4800,161.3600,3739600
2018-10-17,161.7000,162.2500,159.0900,159.7900,1540700
2018-10-16,157.7200,160.8400,157.2200,160.6700,1297500
2018-10-15,156.6100,159.2900,155.9900,156.7900,2161500
2018-10-12,156.8200,157.7800,155.3300,156.2400,1840700
2018-10-11,157.9300,158.2100,153.7700,154.2600,1977000
2018-10-10,161.2100,161.6000,157.9400,158.0100,2222200
2018-10-09,162.9000,163.7400,161.0000,161.1800,1510400
2018-10-08,163.4900,164.9100,162.8700,164.3100,1109000
2018-10-05,164.1500,165.7400,163.6500,164.2400,1538700
2018-10-04,166.8200,167.0000,163.3800,165.8300,1720100
2018-10-03,169.7500,169.7500,167.1800,167.5700,950500
2018-10-02,166.2600,169.2600,165.4300,169.0300,1652300
2018-10-01,165.5800,169.1000,165.2900,168.8700,2329700
